time,data
0,-0.09256264
39,-0.09256264
87,-0.0925016
137,-0.0925016
186,-0.0925016
237,-0.0925016
287,-0.09253212
338,-0.09253212
387,-0.09253212
437,-0.09253212
487,-0.092471085
536,-0.092471085
587,-0.092471085
637,-0.092471085
686,-0.092471085
737,-0.092471085
787,-0.092471085
837,-0.092471085
887,-0.09241005
936,-0.09241005
987,-0.09241005
1036,-0.09241005
1087,-0.09244057
1137,-0.09244057
1187,-0.09244057
1237,-0.09244057
1286,-0.09234901
1337,-0.09234901
1386,-0.09234901
1437,-0.09234901
1487,-0.09241005
1537,-0.09241005
1587,-0.09241005
1637,-0.09241005
1687,-0.09241005
1737,-0.092379525
1787,-0.092379525
1837,-0.092379525
1887,-0.092379525
1937,-0.09228797
1987,-0.09228797
2037,-0.09228797
2087,-0.09228797
2136,-0.09231849
2187,-0.09231849
2237,-0.09231849
2286,-0.09231849
2337,-0.09222694
2386,-0.09222694
2437,-0.09222694
2487,-0.09222694
2537,-0.09228797
2587,-0.09228797
2637,-0.09228797
2687,-0.09228797
2737,-0.09219642
2787,-0.09219642
2837,-0.09219642
2887,-0.09219642
2937,-0.09228797
2987,-0.09228797
3037,-0.09228797
3087,-0.09228797
3137,-0.0921659
3187,-0.0921659
3237,-0.0921659
3286,-0.0921659
3337,-0.09222694
3386,-0.09222694
3437,-0.09222694
3487,-0.09222694
3537,-0.09219642
3587,-0.09213538
3637,-0.09213538
3686,-0.09213538
3737,-0.09213538
3786,-0.09222694
3837,-0.09222694
3887,-0.09222694
3937,-0.09222694
3987,-0.0921659
4037,-0.0921659
4087,-0.0921659
4137,-0.0921659
4187,-0.09210486
4236,-0.09210486
4287,-0.09210486
4337,-0.09210486
4388,-0.09210486
4437,-0.09210486
4487,-0.09210486
4537,-0.09210486
4587,-0.09207434
4636,-0.09207434
4687,-0.09207434
4737,-0.09207434
4787,-0.09210486
4837,-0.09210486
4887,-0.09210486
4937,-0.09210486
4987,-0.092043824
5037,-0.092043824
5087,-0.092043824
5136,-0.092043824
5187,-0.09207434
5237,-0.09207434
5287,-0.09207434
5337,-0.09207434
5387,-0.09201331
5437,-0.09201331
5487,-0.09201331
5537,-0.09201331
5587,-0.09207434
5637,-0.09207434
5687,-0.09207434
5737,-0.09207434
5787,-0.09198279
5837,-0.09201331
5887,-0.09201331
5937,-0.09201331
5987,-0.09201331
6037,-0.09201331
6087,-0.09201331
6137,-0.09201331
6187,-0.09201331
6237,-0.09201331
6287,-0.09201331
6337,-0.09201331
6387,-0.09201331
6437,-0.091921754
6487,-0.091921754
6537,-0.091921754
6587,-0.091921754
6637,-0.091921754
6687,-0.091921754
6736,-0.091921754
6787,-0.091921754
6837,-0.09189123
6887,-0.09189123
6937,-0.09189123
6986,-0.09189123
7037,-0.091921754
7087,-0.091921754
7137,-0.091921754
7186,-0.091921754
7237,-0.09186071
7287,-0.09186071
7337,-0.09186071
7387,-0.09186071
7437,-0.091921754
7487,-0.091921754
7537,-0.091921754
7587,-0.091921754
7637,-0.091830194
7687,-0.091830194
7737,-0.091830194
7787,-0.091830194
7837,-0.091830194
7887,-0.09189123
7937,-0.09189123
7987,-0.09189123
8037,-0.09189123
8087,-0.09186071
8137,-0.09186071
8187,-0.09186071
8237,-0.09186071
8287,-0.09179968
8337,-0.09179968
8391,-0.09176916
8438,-0.09179968
8487,-0.09179968
8537,-0.09179968
8587,-0.09179968
8638,-0.09179968
8690,-0.09173864
8740,-0.09173864
8788,-0.09173864
8838,-0.09173864
8888,-0.09173864
8939,-0.09173864
8988,-0.09173864
9041,-0.09173864
9088,-0.09170812
9138,-0.09170812
9188,-0.09170812
9237,-0.09170812
9288,-0.09170812
9338,-0.09170812
9389,-0.09170812
9438,-0.09170812
9488,-0.09164708
9538,-0.09164708
9590,-0.09164708
9638,-0.09164708
9688,-0.09173864
9741,-0.09173864
9789,-0.09173864
9838,-0.09173864
9890,-0.09161656
9939,-0.091677606
9990,-0.091677606
10039,-0.091677606
10090,-0.091677606
10139,-0.091586046
10189,-0.091586046
10239,-0.091586046
10289,-0.091586046
10338,-0.091677606
10392,-0.091677606
10440,-0.091677606
10489,-0.091677606
10538,-0.09155553
10588,-0.09155553
10638,-0.09155553
10688,-0.09155553
10738,-0.09161656
10788,-0.09161656
10838,-0.09161656
10889,-0.09161656
10939,-0.09155553
10989,-0.09155553
11038,-0.09155553
11089,-0.09155553
11141,-0.091586046
11188,-0.091586046
11239,-0.091586046
11288,-0.091586046
11337,-0.09155553
11388,-0.09155553
11438,-0.09155553
11488,-0.09155553
11538,-0.091586046
11589,-0.091586046
11638,-0.091586046
11689,-0.091586046
11738,-0.09155553
11788,-0.09155553
11837,-0.09155553
11887,-0.09155553
11937,-0.09161656
11987,-0.09161656
12036,-0.09161656
12087,-0.09161656
12137,-0.091586046
12187,-0.091586046
12237,-0.091586046
12287,-0.091586046
12337,-0.091586046
12388,-0.09149449
12437,-0.09149449
12488,-0.09149449
12537,-0.09149449
12587,-0.09155553
12637,-0.09155553
12688,-0.09155553
12738,-0.09155553
12792,-0.09149449
12840,-0.09149449
12888,-0.09149449
12939,-0.09149449
12987,-0.09152501
13038,-0.09152501
13089,-0.09152501
13138,-0.09152501
13191,-0.09143346
13239,-0.09143346
13289,-0.09143346
13338,-0.09143346
13390,-0.09152501
13439,-0.09152501
13491,-0.09152501
13540,-0.09152501
13588,-0.09143346
13639,-0.09143346
13691,-0.09143346
13740,-0.09143346
13789,-0.09152501
13840,-0.09152501
13888,-0.09152501
13939,-0.09152501
13987,-0.09149449
14038,-0.09149449
14087,-0.09149449
14139,-0.09149449
14187,-0.09149449
14237,-0.091463976
14290,-0.091463976
14338,-0.091463976
14389,-0.091463976
14440,-0.09143346
14488,-0.09143346
14542,-0.09143346
14588,-0.09143346
14639,-0.09140293
14688,-0.09140293
14737,-0.09140293
14788,-0.09140293
14837,-0.09143346
14886,-0.09143346
14936,-0.091463976
14988,-0.09143346
15037,-0.091463976
15089,-0.091463976
15137,-0.091463976
15188,-0.091463976
15242,-0.091463976
15287,-0.091463976
15338,-0.091463976
15390,-0.091463976
15437,-0.09140293
15488,-0.09140293
15545,-0.09140293
15591,-0.09140293
15639,-0.091463976
15690,-0.091463976
15737,-0.091463976
15793,-0.091463976
15842,-0.091463976
15889,-0.091463976
15936,-0.09140293
15991,-0.09143346
16040,-0.091372415
16090,-0.091372415
16138,-0.091372415
16189,-0.091372415
16238,-0.091463976
16288,-0.091463976
16337,-0.091463976
16388,-0.091463976
16439,-0.091463976
16491,-0.091372415
16538,-0.091372415
16590,-0.091372415
16638,-0.091372415
16690,-0.09143346
16739,-0.09143346
16789,-0.09143346
16838,-0.09143346
16888,-0.09140293
16938,-0.09140293
16989,-0.09140293
17038,-0.09140293
17088,-0.09143346
17138,-0.09143346
17188,-0.09143346
17238,-0.09143346
17288,-0.091372415
17340,-0.091372415
17390,-0.091372415
17439,-0.091372415
17490,-0.09143346
17538,-0.09143346
17588,-0.09143346
17637,-0.09143346
17689,-0.09140293
17738,-0.09140293
17791,-0.09140293
17840,-0.09140293
17886,-0.091372415
17937,-0.091372415
17988,-0.09140293
18042,-0.09140293
18089,-0.0913419
18137,-0.0913419
18188,-0.0913419
18238,-0.0913419
18289,-0.09140293
18339,-0.09140293
18388,-0.09140293
18438,-0.09140293
18487,-0.09131138
18539,-0.091372415
18588,-0.091372415
18637,-0.0913419
18688,-0.0913419
18745,-0.0913419
18792,-0.0913419
18839,-0.0913419
18891,-0.0913419
18941,-0.09131138
18989,-0.09131138
19041,-0.09131138
19088,-0.09131138
19138,-0.09140293
19190,-0.09140293
19239,-0.09140293
19288,-0.09140293
19340,-0.091372415
19389,-0.091372415
19440,-0.091372415
19489,-0.091372415
19537,-0.09131138
19588,-0.091372415
19640,-0.09131138
19689,-0.0913419
19741,-0.0913419
19789,-0.0913419
19839,-0.0913419
19891,-0.0913419
19939,-0.09131138
19990,-0.09131138
20038,-0.09131138
20089,-0.09131138
20138,-0.09140293
20189,-0.09140293
20239,-0.09140293
20291,-0.09140293
20341,-0.09131138
20390,-0.09131138
20440,-0.09131138
20487,-0.09131138
20541,-0.091372415
20589,-0.091372415
20642,-0.091372415
20689,-0.091372415
20742,-0.0913419
20789,-0.0913419
20840,-0.0913419
20890,-0.0913419
20941,-0.0913419
20990,-0.0913419
21040,-0.0913419
21090,-0.0913419
21140,-0.0913419
21189,-0.0913419
21240,-0.0913419
21290,-0.0913419
21341,-0.0913419
21389,-0.09131138
21440,-0.09131138
21489,-0.09131138
21540,-0.09131138
21589,-0.09131138
21638,-0.09131138
21692,-0.09131138
21740,-0.09131138
21790,-0.09128086
21840,-0.0913419
21889,-0.09128086
21940,-0.0913419
21989,-0.0913419
22039,-0.09131138
22090,-0.09131138
22140,-0.09131138
22188,-0.09128086
22240,-0.09128086
22289,-0.09128086
22339,-0.09128086
22389,-0.0913419
22438,-0.0913419
22489,-0.0913419
22541,-0.0913419
22590,-0.09131138
22638,-0.09131138
22690,-0.09131138
22739,-0.09131138
22789,-0.09131138
22839,-0.0913419
22890,-0.0913419
22939,-0.0913419
22990,-0.0913419
23038,-0.0913419
23088,-0.0913419
23139,-0.0913419
23190,-0.0913419
23240,-0.09128086
23288,-0.09128086
23340,-0.09128086
23391,-0.09128086
23438,-0.0913419
23487,-0.0913419
23536,-0.0913419
23590,-0.0913419
23639,-0.09128086
23690,-0.09128086
23739,-0.09128086
23788,-0.09128086
23837,-0.0913419
23888,-0.0913419
23941,-0.0913419
23989,-0.0913419
24038,-0.091250345
24088,-0.091250345
24138,-0.091250345
24190,-0.091250345
24239,-0.09131138
24288,-0.09131138
24339,-0.09131138
24388,-0.09131138
24438,-0.091250345
24490,-0.091250345
24539,-0.091250345
24591,-0.091250345
24638,-0.09131138
24688,-0.09131138
24738,-0.09131138
24790,-0.09131138
24839,-0.0913419
24891,-0.09131138
24938,-0.09131138
24989,-0.09131138
25039,-0.09131138
25091,-0.091250345
25139,-0.091250345
25191,-0.091250345
25240,-0.091250345
25290,-0.09128086
25338,-0.09128086
25389,-0.09128086
25438,-0.09128086
25489,-0.091250345
25539,-0.091250345
25591,-0.091250345
25640,-0.091250345
25690,-0.09131138
25738,-0.09131138
25791,-0.09131138
25838,-0.09131138
25890,-0.09121983
25940,-0.09121983
25989,-0.09121983
26041,-0.09121983
26089,-0.09131138
26138,-0.09131138
26188,-0.09131138
26238,-0.09131138
26288,-0.09118931
26338,-0.09118931
26389,-0.09118931
26439,-0.09118931
26488,-0.09128086
26537,-0.09128086
26588,-0.09128086
26637,-0.09128086
26687,-0.09121983
26737,-0.09121983
26787,-0.09121983
26838,-0.09121983
26887,-0.09128086
26938,-0.09121983
26989,-0.09121983
27038,-0.09121983
27088,-0.09121983
27139,-0.091250345
27191,-0.091250345
27238,-0.091250345
27289,-0.091250345
27339,-0.09118931
27389,-0.09118931
27441,-0.09118931
27489,-0.09118931
27541,-0.091250345
27590,-0.091250345
27638,-0.091250345
27688,-0.091250345
27739,-0.09118931
27789,-0.09118931
27843,-0.09118931
27901,-0.09118931
27940,-0.091250345
27990,-0.091250345
28041,-0.091250345
28089,-0.091250345
28141,-0.09118931
28190,-0.09118931
28239,-0.09118931
28288,-0.09118931
28342,-0.091250345
28392,-0.091250345
28443,-0.091250345
28501,-0.091250345
28542,-0.091250345
28592,-0.091250345
28639,-0.091250345
28692,-0.091250345
28751,-0.09128086
28790,-0.09128086
28841,-0.09128086
28889,-0.09118931
28939,-0.09121983
28990,-0.09121983
29038,-0.09118931
29089,-0.09121983
29141,-0.09118931
29190,-0.09118931
29239,-0.09118931
29291,-0.09118931
29340,-0.09118931
29389,-0.091250345
29441,-0.091250345
29489,-0.091250345
29540,-0.091250345
29588,-0.091158785
29639,-0.091158785
29689,-0.091158785
29742,-0.091158785
29790,-0.091250345
29838,-0.091250345
29890,-0.091250345
29940,-0.091250345
29992,-0.09118931
30038,-0.09118931
30091,-0.09118931
30138,-0.09118931
30189,-0.09121983
30241,-0.09121983
30290,-0.09121983
30339,-0.09121983
30389,-0.09121983
30439,-0.09121983
30487,-0.09121983
30538,-0.09121983
30589,-0.091250345
30638,-0.091250345
30687,-0.091250345
30738,-0.091250345
30788,-0.091250345
30839,-0.091250345
30888,-0.091250345
30938,-0.091250345
30989,-0.09118931
31038,-0.09118931
31088,-0.09118931
31138,-0.09118931
31191,-0.091250345
31239,-0.091250345
31288,-0.091250345
31340,-0.091250345
31389,-0.091250345
31440,-0.091158785
31490,-0.091158785
31539,-0.091158785
31590,-0.091158785
31638,-0.091250345
31689,-0.091250345
31738,-0.091250345
31791,-0.091250345
31840,-0.091158785
31889,-0.091158785
31941,-0.091158785
31989,-0.091158785
32040,-0.09118931
32089,-0.09118931
32141,-0.09118931
32189,-0.09118931
32239,-0.09118931
32288,-0.09118931
32338,-0.09118931
32389,-0.09118931
32439,-0.091250345
32489,-0.091250345
32538,-0.091250345
32587,-0.091250345
32638,-0.091250345
32688,-0.091250345
32740,-0.091250345
32788,-0.091250345
32839,-0.091250345
32887,-0.091250345
32937,-0.091250345
32991,-0.091250345
33037,-0.09121983
33088,-0.09121983
33137,-0.09121983
33188,-0.09121983
33238,-0.09118931
33288,-0.09118931
33339,-0.09118931
33388,-0.09118931
33440,-0.09118931
33490,-0.091250345
33541,-0.091250345
33593,-0.091250345
33641,-0.091250345
33689,-0.09121983
33741,-0.09121983
33791,-0.09121983
33840,-0.09121983
33890,-0.091250345
33939,-0.091250345
33991,-0.091250345
34040,-0.091250345
34089,-0.091158785
34141,-0.091158785
34189,-0.091158785
34241,-0.091158785
34289,-0.09121983
34339,-0.09121983
34388,-0.09121983
34440,-0.09121983
34488,-0.09118931
34538,-0.09118931
34588,-0.09118931
34639,-0.09118931
34688,-0.091250345
34739,-0.091250345
34787,-0.091250345
34838,-0.091250345
34888,-0.091250345
34940,-0.091250345
34988,-0.091250345
35038,-0.091250345
35087,-0.09118931
35138,-0.09118931
35188,-0.09118931
35239,-0.09118931
35288,-0.09121983
35338,-0.09121983
35388,-0.09121983
35442,-0.09121983
35489,-0.091250345
35542,-0.09118931
35589,-0.09118931
35642,-0.09118931
35689,-0.09118931
35739,-0.09121983
35789,-0.09121983
35841,-0.09121983
35888,-0.09121983
35939,-0.09118931
35989,-0.09118931
36039,-0.09118931
36091,-0.09118931
36140,-0.09121983
36191,-0.09121983
36239,-0.09121983
36289,-0.09121983
36341,-0.091158785
36389,-0.091158785
36440,-0.091158785
36488,-0.091158785
36539,-0.09118931
36591,-0.09118931
36639,-0.09118931
36688,-0.09118931
36738,-0.091250345
36792,-0.091250345
36838,-0.091250345
36889,-0.091250345
36939,-0.09121983
36988,-0.09121983
37038,-0.09121983
37089,-0.09121983
37138,-0.09121983
37187,-0.09121983
37237,-0.09121983
37288,-0.09121983
37338,-0.09118931
37389,-0.09118931
37438,-0.09118931
37488,-0.09118931
37538,-0.09118931
37589,-0.09118931
37638,-0.09118931
37689,-0.09118931
37738,-0.091158785
37790,-0.09118931
37839,-0.09118931
37888,-0.09118931
37938,-0.09118931
37988,-0.09121983
38039,-0.09121983
38088,-0.09121983
38139,-0.09121983
38189,-0.09118931
38241,-0.09118931
38289,-0.09118931
38340,-0.09118931
38389,-0.091250345
38438,-0.091250345
38488,-0.091250345
38539,-0.091250345
38588,-0.091250345
38640,-0.091250345
38688,-0.091250345
38738,-0.091250345
38787,-0.091250345
38837,-0.091250345
38892,-0.091250345
38950,-0.091250345
38989,-0.09128086
39038,-0.091158785
39089,-0.091158785
39137,-0.091250345
39188,-0.09121983
39238,-0.09121983
39288,-0.09121983
39338,-0.09121983
39388,-0.09128086
39437,-0.09128086
39488,-0.09128086
39539,-0.09128086
39589,-0.09118931
39638,-0.09118931
39688,-0.09118931
39738,-0.09118931
39788,-0.09121983
39839,-0.091250345
39890,-0.091250345
39939,-0.091250345
39989,-0.091250345
40040,-0.09121983
40089,-0.09121983
40141,-0.09121983
40189,-0.09121983
40239,-0.091250345
40289,-0.091250345
40340,-0.091250345
40389,-0.091250345
40441,-0.09118931
40489,-0.09118931
40540,-0.09118931
40588,-0.09118931
40638,-0.09128086
40688,-0.09128086
40738,-0.09128086
40787,-0.09128086
40842,-0.09128086
40892,-0.09128086
40951,-0.09128086
40990,-0.09128086
41038,-0.09121983
41089,-0.09121983
41139,-0.09121983
41191,-0.09121983
41240,-0.09131138
41289,-0.09131138
41341,-0.09131138
41389,-0.09131138
41440,-0.09128086
41489,-0.09128086
41537,-0.09128086
41588,-0.09128086
41640,-0.09128086
41689,-0.09128086
41738,-0.09128086
41788,-0.09128086
41839,-0.091250345
41889,-0.091250345
41941,-0.091250345
41989,-0.091250345
42039,-0.091250345
42091,-0.09131138
42139,-0.09131138
42189,-0.09131138
42241,-0.09131138
42288,-0.09128086
42339,-0.09128086
42389,-0.09128086
42439,-0.09128086
42490,-0.09131138
42538,-0.09131138
42590,-0.09131138
42640,-0.09131138
42691,-0.09121983
42740,-0.09121983
42789,-0.09121983
42841,-0.09121983
42889,-0.09128086
42940,-0.09128086
42988,-0.09128086
43038,-0.09128086
43090,-0.09131138
43138,-0.09131138
43189,-0.09131138
43238,-0.09131138
43289,-0.091250345
43339,-0.091250345
43389,-0.091250345
43438,-0.091250345
43488,-0.09131138
43537,-0.09131138
43588,-0.09131138
43639,-0.09131138
43688,-0.091250345
43738,-0.091250345
43787,-0.091250345
43838,-0.091250345
43888,-0.09128086
43938,-0.09128086
43989,-0.09128086
44041,-0.09128086
44089,-0.09128086
44141,-0.09121983
44189,-0.09121983
44240,-0.09121983
44289,-0.09121983
44337,-0.09128086
44388,-0.09128086
44438,-0.09128086
44489,-0.09128086
44540,-0.09121983
44589,-0.09121983
44641,-0.09121983
44691,-0.09121983
44739,-0.091250345
44792,-0.091250345
44840,-0.091250345
44888,-0.091250345
44941,-0.09128086
44990,-0.09128086
45041,-0.09128086
45089,-0.09128086
45140,-0.09121983
45190,-0.09121983
45239,-0.09121983
45289,-0.09121983
45340,-0.09128086
45389,-0.09128086
45438,-0.09128086
45488,-0.09128086
45538,-0.09121983
45589,-0.09121983
45638,-0.09121983
45688,-0.09121983
45737,-0.09128086
45788,-0.091250345
45839,-0.09131138
45888,-0.09131138
45941,-0.09121983
45989,-0.09121983
46038,-0.09121983
46088,-0.09121983
46138,-0.09121983
46188,-0.09128086
46241,-0.09128086
46289,-0.09128086
46341,-0.091250345
46389,-0.09121983
46440,-0.09121983
46490,-0.09121983
46538,-0.09121983
46589,-0.091250345
46638,-0.091250345
46689,-0.091250345
46739,-0.091250345
46789,-0.09121983
46839,-0.09121983
46888,-0.09121983
46940,-0.09121983
46989,-0.09131138
47038,-0.09131138
47090,-0.09131138
47139,-0.09131138
47188,-0.09131138
47238,-0.09131138
47288,-0.09131138
47338,-0.09131138
47390,-0.091250345
47439,-0.091250345
47489,-0.09118931
47538,-0.09118931
47589,-0.09128086
47638,-0.09128086
47688,-0.09128086
47738,-0.09128086
47790,-0.09121983
47839,-0.09121983
47889,-0.09121983
47938,-0.09121983
47988,-0.09121983
48038,-0.09121983
48088,-0.09121983
48138,-0.09121983
48188,-0.09121983
48238,-0.09121983
48290,-0.09121983
48339,-0.09121983
48388,-0.09128086
48440,-0.091250345
48489,-0.091250345
48540,-0.091250345
48588,-0.091250345
48640,-0.09118931
48688,-0.09118931
48741,-0.09118931
48788,-0.09118931
48838,-0.09128086
48888,-0.09128086
48938,-0.09128086
48990,-0.09128086
49038,-0.091250345
49088,-0.091250345
49139,-0.091250345
49191,-0.091250345
49239,-0.09121983
49288,-0.09121983
49338,-0.091158785
49388,-0.091158785
49437,-0.091250345
49487,-0.091250345
49542,-0.091250345
49588,-0.091250345
49641,-0.09121983
49690,-0.09121983
49739,-0.09121983
49787,-0.09121983
49837,-0.091250345
49889,-0.091250345
49941,-0.091250345
49989,-0.091250345
50040,-0.09118931
50089,-0.09118931
50138,-0.09118931
50188,-0.09118931
50238,-0.09121983
50288,-0.09121983
50339,-0.091250345
50390,-0.09121983
50440,-0.09121983
50489,-0.09128086
50538,-0.09128086
50590,-0.09128086
50639,-0.09128086
50688,-0.091250345
50738,-0.091250345
50788,-0.091250345
50839,-0.091250345
50890,-0.09128086
50938,-0.09128086
50990,-0.09128086
51039,-0.09128086
51091,-0.09128086
51139,-0.09128086
51189,-0.09128086
51239,-0.09128086
51288,-0.091250345
51339,-0.091250345
51389,-0.091250345
51439,-0.091250345
51489,-0.091250345
51538,-0.091250345
51588,-0.091250345
51638,-0.091250345
51688,-0.09128086
51739,-0.09128086
51790,-0.09128086
51839,-0.09128086
51888,-0.09121983
51940,-0.09121983
51990,-0.09121983
52039,-0.09121983
52090,-0.09128086
52139,-0.09128086
52189,-0.09128086
52238,-0.09128086
52292,-0.09121983
52339,-0.09121983
52388,-0.09121983
52438,-0.09121983
52488,-0.091250345
52540,-0.091250345
52588,-0.091250345
52638,-0.091250345
52688,-0.09121983
52738,-0.09128086
52788,-0.09128086
52838,-0.09128086
52888,-0.09128086
52938,-0.09128086
52987,-0.09128086
53037,-0.09128086
53088,-0.09128086
53139,-0.09131138
53188,-0.09131138
53238,-0.09131138
53289,-0.09131138
53339,-0.091250345
53388,-0.091250345
53439,-0.091250345
53490,-0.091250345
53539,-0.09131138
53590,-0.09131138
53639,-0.09131138
53689,-0.09131138
53738,-0.091250345
53788,-0.091250345
53838,-0.091250345
53888,-0.091250345
53938,-0.09128086
53989,-0.09128086
54039,-0.09128086
54088,-0.09128086
54138,-0.09121983
54188,-0.09121983
54239,-0.09121983
54289,-0.09121983
54341,-0.09131138
54390,-0.09131138
54439,-0.09131138
54488,-0.09131138
54538,-0.091250345
54587,-0.091250345
54639,-0.091250345
54689,-0.091250345
54740,-0.091250345
54788,-0.09131138
54839,-0.09131138
54888,-0.09131138
54937,-0.09131138
54987,-0.09131138
55038,-0.09131138
55088,-0.09131138
55142,-0.09131138
55192,-0.09128086
55239,-0.09128086
55292,-0.09128086
55338,-0.09128086
55390,-0.09131138
55438,-0.09131138
55491,-0.09131138
55539,-0.09131138
55592,-0.09121983
55639,-0.09121983
55688,-0.09121983
55741,-0.09121983
55789,-0.09128086
55838,-0.09128086
55889,-0.09128086
55939,-0.09128086
55988,-0.091250345
56039,-0.091250345
56088,-0.091250345
56137,-0.091250345
56188,-0.09131138
56238,-0.09131138
56288,-0.09131138
56342,-0.09131138
56389,-0.09128086
56441,-0.09128086
56488,-0.09128086
56539,-0.09128086
56588,-0.09128086
56638,-0.09128086
56688,-0.09128086
56739,-0.09128086
56788,-0.091250345
56838,-0.09131138
56889,-0.09131138
56940,-0.0913419
56989,-0.0913419
57040,-0.09128086
57089,-0.0913419
57138,-0.0913419
57190,-0.0913419
57238,-0.09131138
57288,-0.09131138
57340,-0.09131138
57389,-0.09131138
57438,-0.09128086
57490,-0.09128086
57539,-0.09128086
57589,-0.09128086
57641,-0.0913419
57689,-0.0913419
57738,-0.0913419
57788,-0.0913419
57839,-0.09128086
57888,-0.09128086
57938,-0.09128086
57988,-0.09128086
58039,-0.091372415
58089,-0.091372415
58138,-0.091372415
58189,-0.091372415
58238,-0.091250345
58288,-0.091250345
58338,-0.091250345
58388,-0.091250345
58438,-0.0913419
58488,-0.0913419
58539,-0.0913419
58589,-0.0913419
58638,-0.09128086
58688,-0.09128086
58738,-0.09128086
58788,-0.09128086
58838,-0.0913419
58888,-0.09131138
58938,-0.0913419
58988,-0.09131138
59038,-0.09131138
59088,-0.091372415
59138,-0.091372415
59189,-0.091372415
59237,-0.091372415
59289,-0.091372415
59338,-0.091372415
59388,-0.091372415
59439,-0.091372415
59487,-0.09140293
59538,-0.0913419
59588,-0.091372415
59640,-0.091372415
59688,-0.0913419
59739,-0.0913419
59790,-0.0913419
59839,-0.0913419
59888,-0.091372415
59940,-0.091372415
59989,-0.091372415
60039,-0.091372415
60090,-0.0913419
60139,-0.0913419
60190,-0.0913419
60238,-0.0913419
60289,-0.091372415
60339,-0.091372415
60389,-0.091372415
60441,-0.091372415
60489,-0.0913419
60540,-0.0913419
60589,-0.0913419
60639,-0.0913419
60688,-0.091372415
60738,-0.091372415
60788,-0.091372415
60839,-0.091372415
60891,-0.0913419
60938,-0.0913419
60990,-0.0913419
61041,-0.0913419
61089,-0.0913419
61141,-0.091372415
61190,-0.091372415
61238,-0.091372415
61290,-0.0913419
61339,-0.09140293
61390,-0.09140293
61442,-0.09140293
61490,-0.09140293
61539,-0.09140293
61591,-0.09140293
61643,-0.09140293
61690,-0.09140293
61739,-0.09140293
61791,-0.09140293
61840,-0.09140293
61889,-0.09140293
61940,-0.0913419
61988,-0.0913419
62038,-0.0913419
62088,-0.0913419
62137,-0.091372415
62188,-0.091372415
62240,-0.091372415
62289,-0.091372415
62340,-0.0913419
62388,-0.0913419
62438,-0.0913419
62488,-0.0913419
62539,-0.09143346
62589,-0.09143346
62639,-0.09143346
62688,-0.09143346
62738,-0.0913419
62788,-0.0913419
62838,-0.0913419
62889,-0.0913419
62941,-0.09140293
62989,-0.09140293
63042,-0.09140293
63091,-0.09140293
63139,-0.0913419
63188,-0.0913419
63238,-0.0913419
63288,-0.0913419
63338,-0.091372415
63388,-0.09140293
63437,-0.09140293
63488,-0.09140293
63538,-0.09140293
63589,-0.09143346
63639,-0.09143346
63689,-0.09143346
63738,-0.09143346
63788,-0.0913419
63837,-0.0913419
63887,-0.0913419
63938,-0.0913419
63988,-0.09140293
64038,-0.09140293
64087,-0.09140293
64138,-0.09140293
64187,-0.091372415
64238,-0.091372415
64288,-0.091372415
64338,-0.091372415
64388,-0.09140293
64438,-0.09140293
64489,-0.09140293
64540,-0.09140293
64588,-0.091372415
64639,-0.091372415
64689,-0.091372415
64738,-0.091372415
64788,-0.09140293
64838,-0.09140293
64890,-0.09140293
64938,-0.09140293
64989,-0.091372415
65039,-0.091372415
65087,-0.091372415
65138,-0.091372415
65190,-0.09140293
65238,-0.09140293
65289,-0.09140293
65338,-0.09140293
65388,-0.09140293
65438,-0.09140293
65489,-0.09140293
65538,-0.09140293
65589,-0.09140293
65639,-0.09140293
65688,-0.09140293
65739,-0.09140293
65789,-0.09140293
65839,-0.0913419
65889,-0.0913419
65940,-0.0913419
65989,-0.0913419
66039,-0.09140293
66089,-0.09140293
66141,-0.09140293
66189,-0.09140293
66238,-0.0913419
66288,-0.0913419
66339,-0.0913419
66389,-0.0913419
66438,-0.09140293
66489,-0.09140293
66538,-0.09140293
66589,-0.09140293
66637,-0.0913419
66687,-0.0913419
66738,-0.0913419
66789,-0.0913419
66838,-0.091372415
66889,-0.091372415
66938,-0.091372415
66988,-0.091372415
67038,-0.09140293
67087,-0.09140293
67137,-0.09140293
67187,-0.09140293
67239,-0.09131138
67289,-0.09131138
67339,-0.09131138
67388,-0.09131138
67439,-0.091372415
67488,-0.091372415
67541,-0.091372415
67589,-0.091372415
67639,-0.091372415
67691,-0.09131138
67738,-0.09131138
67789,-0.09131138
67840,-0.09131138
67889,-0.091372415
67939,-0.091372415
67988,-0.091372415
68041,-0.091372415
68089,-0.09128086
68141,-0.09128086
68190,-0.09128086
68239,-0.09128086
68290,-0.09131138
68342,-0.09131138
68389,-0.09131138
68438,-0.09131138
68491,-0.09128086
68539,-0.09128086
68591,-0.09128086
68639,-0.09128086
68689,-0.0913419
68741,-0.0913419
68788,-0.0913419
68838,-0.0913419
68888,-0.0913419
68938,-0.0913419
68988,-0.0913419
69038,-0.0913419
69089,-0.091250345
69138,-0.091250345
69188,-0.091250345
69237,-0.091250345
69288,-0.09131138
69338,-0.09131138
69387,-0.09131138
69438,-0.09131138
69488,-0.091250345
69539,-0.091250345
69589,-0.091250345
69638,-0.091250345
69688,-0.09131138
69738,-0.091250345
69790,-0.09128086
69840,-0.09128086
69892,-0.091250345
69941,-0.091250345
69988,-0.091250345
70039,-0.091250345
70089,-0.091250345
70138,-0.09131138
70188,-0.09131138
70238,-0.09131138
70288,-0.09131138
70338,-0.09121983
70388,-0.09121983
70440,-0.09121983
70489,-0.09121983
70539,-0.09128086
70588,-0.09128086
70638,-0.09128086
70689,-0.09128086
70739,-0.091250345
70788,-0.091250345
70838,-0.091250345
70890,-0.091250345
70938,-0.09118931
70989,-0.09118931
71039,-0.09118931
71089,-0.09118931
71140,-0.09121983
71189,-0.09121983
71239,-0.09121983
71289,-0.09121983
71340,-0.09112827
71389,-0.09112827
71438,-0.09112827
71489,-0.09112827
71541,-0.09121983
71589,-0.09121983
71640,-0.09121983
71689,-0.09121983
71741,-0.09112827
71788,-0.09112827
71839,-0.09112827
71888,-0.09112827
71941,-0.09121983
71990,-0.09121983
72038,-0.09121983
72088,-0.09121983
72139,-0.09121983
72190,-0.09112827
72238,-0.09112827
72289,-0.09112827
72341,-0.09112827
72389,-0.09118931
72438,-0.09118931
72489,-0.09118931
72541,-0.09118931
72589,-0.09118931
72640,-0.09118931
72691,-0.09118931
72739,-0.09118931
72788,-0.09118931
72839,-0.09118931
72891,-0.09118931
72938,-0.09118931
72988,-0.09121983
73039,-0.09121983
73088,-0.09121983
73138,-0.09121983
73188,-0.09112827
73238,-0.09112827
73288,-0.09112827
73338,-0.09112827
73388,-0.091158785
73437,-0.091158785
73487,-0.091158785
73537,-0.091158785
73587,-0.09112827
73637,-0.09112827
73688,-0.09112827
73738,-0.09112827
73790,-0.09112827
73839,-0.09112827
73890,-0.09112827
73938,-0.09112827
73989,-0.09106723
74041,-0.09109775
74090,-0.09109775
74140,-0.09109775
74189,-0.09109775
74238,-0.091158785
74288,-0.091158785
74337,-0.091158785
74388,-0.091158785
74439,-0.09109775
74489,-0.09109775
74538,-0.09109775
74589,-0.09109775
74638,-0.091158785
74688,-0.091158785
74738,-0.091158785
74791,-0.091158785
74837,-0.09112827
74888,-0.09112827
74940,-0.09112827
74988,-0.09112827
75038,-0.091158785
75088,-0.091158785
75138,-0.091158785
75189,-0.091158785
75239,-0.09109775
75288,-0.09109775
75339,-0.09109775
75388,-0.09109775
75438,-0.09106723
75489,-0.09106723
75540,-0.09106723
75588,-0.09106723
75639,-0.09109775
75688,-0.09109775
75740,-0.09109775
75789,-0.09109775
75840,-0.091036715
75888,-0.091036715
75938,-0.091036715
75987,-0.091036715
76038,-0.091036715
76087,-0.09109775
76138,-0.09109775
76188,-0.09109775
76238,-0.09109775
76287,-0.09106723
76337,-0.09106723
76388,-0.09106723
76439,-0.09106723
76488,-0.09106723
76537,-0.09106723
76588,-0.09106723
76640,-0.09106723
76690,-0.0910062
76739,-0.0910062
76787,-0.0910062
76838,-0.0910062
76888,-0.09109775
76937,-0.09109775
76988,-0.09109775
77037,-0.09109775
77088,-0.09106723
77138,-0.09106723
77189,-0.09106723
77239,-0.09106723
77290,-0.0910062
77339,-0.0910062
77389,-0.0910062
77439,-0.0910062
77489,-0.09106723
77538,-0.09106723
77591,-0.09106723
77639,-0.09106723
77689,-0.0910062
77738,-0.0910062
77790,-0.0910062
77838,-0.0910062
77888,-0.09106723
77938,-0.09106723
77988,-0.09106723
78038,-0.09106723
78088,-0.091036715
78140,-0.09097568
78188,-0.09097568
78239,-0.09097568
78288,-0.09106723
78339,-0.091036715
78391,-0.091036715
78439,-0.091036715
78488,-0.091036715
78538,-0.09097568
78587,-0.09097568
78638,-0.09097568
78689,-0.09097568
78738,-0.091036715
78789,-0.091036715
78838,-0.091036715
78887,-0.091036715
78937,-0.091036715
78989,-0.091036715
79038,-0.091036715
79088,-0.091036715
79139,-0.09106723
79188,-0.09106723
79239,-0.09106723
79288,-0.09106723
79338,-0.09106723
79388,-0.09106723
79438,-0.09106723
79491,-0.09106723
79542,-0.0910062
79601,-0.0910062
79642,-0.0910062
79690,-0.0910062
79738,-0.09106723
79790,-0.09106723
79840,-0.09106723
79889,-0.09106723
79939,-0.09094516
79990,-0.091036715
80038,-0.091036715
80091,-0.09097568
80140,-0.091036715
80189,-0.091036715
80240,-0.091036715
80290,-0.091036715
80339,-0.0910062
80388,-0.09097568
80439,-0.09097568
80489,-0.09097568
80539,-0.09097568
80589,-0.0910062
80639,-0.0910062
80688,-0.0910062
80737,-0.0910062
80791,-0.09097568
80838,-0.09097568
80889,-0.09097568
80938,-0.09097568
80988,-0.091036715
81039,-0.091036715
81088,-0.091036715
81139,-0.091036715
81191,-0.0910062
81239,-0.0910062
81289,-0.0910062
81339,-0.0910062
81389,-0.09094516
81442,-0.09094516
81488,-0.09094516
81540,-0.09094516
81592,-0.0910062
81639,-0.0910062
81688,-0.0910062
81738,-0.0910062
81790,-0.09094516
81838,-0.09094516
81888,-0.09094516
81939,-0.09094516
81988,-0.091036715
82039,-0.091036715
82090,-0.091036715
82138,-0.091036715
82188,-0.09091464
82238,-0.09091464
82288,-0.09091464
82338,-0.09091464
82388,-0.0910062
82438,-0.0910062
82488,-0.0910062
82537,-0.0910062
82588,-0.09094516
82638,-0.09094516
82687,-0.09094516
82737,-0.09094516
82788,-0.09094516
82838,-0.0910062
82889,-0.0910062
82938,-0.0910062
82988,-0.0910062
83038,-0.09097568
83089,-0.09097568
83139,-0.09097568
83191,-0.09097568
83238,-0.0910062
83288,-0.0910062
83338,-0.0910062
83390,-0.0910062
83439,-0.09097568
83490,-0.09097568
83538,-0.09097568
83590,-0.09097568
83639,-0.09091464
83691,-0.09091464
83740,-0.09091464
83789,-0.09091464
83841,-0.09094516
83889,-0.09094516
83940,-0.09094516
83990,-0.09094516
84039,-0.09091464
84089,-0.09091464
84139,-0.09091464
84190,-0.09091464
84240,-0.09097568
84289,-0.09097568
84338,-0.09097568
84387,-0.09097568
84438,-0.09088412
84489,-0.09088412
84538,-0.09088412
84587,-0.09088412
84637,-0.09094516
84688,-0.09094516
84739,-0.09094516
84789,-0.09094516
84840,-0.09094516
84888,-0.09091464
84938,-0.09091464
84988,-0.09091464
85040,-0.09091464
85089,-0.09094516
85140,-0.09094516
85188,-0.09094516
85239,-0.09094516
85288,-0.09094516
85338,-0.09094516
85388,-0.09094516
85440,-0.09094516
85489,-0.09088412
85538,-0.09088412
85590,-0.09088412
85642,-0.09088412
85690,-0.09094516
85738,-0.09094516
85789,-0.09094516
85839,-0.09094516
85888,-0.09088412
85937,-0.09088412
85987,-0.09088412
86040,-0.09088412
86090,-0.09091464
86139,-0.09091464
86188,-0.09091464
86239,-0.09091464
86289,-0.09088412
86338,-0.09088412
86388,-0.09088412
86438,-0.09088412
86488,-0.09091464
86541,-0.09091464
86589,-0.09091464
86642,-0.09091464
86700,-0.09094516
86740,-0.09091464
86788,-0.09091464
86839,-0.09091464
86889,-0.09091464
86940,-0.09097568
86989,-0.09097568
87039,-0.09097568
87088,-0.09097568
87138,-0.09094516
87189,-0.09094516
87238,-0.09094516
87288,-0.09094516
87338,-0.0910062
87388,-0.0910062
87439,-0.0910062
87489,-0.0910062
87539,-0.0910062
87588,-0.0910062
87640,-0.0910062
87690,-0.0910062
87740,-0.09094516
87788,-0.09094516
87838,-0.09094516
87888,-0.09094516
87938,-0.0910062
87989,-0.0910062
88039,-0.0910062
88091,-0.0910062
88139,-0.09094516
88188,-0.09094516
88238,-0.09094516
88289,-0.09094516
88339,-0.09097568
88388,-0.09097568
88438,-0.09097568
88488,-0.09097568
88538,-0.09094516
88589,-0.09094516
88639,-0.09094516
88689,-0.09094516
88739,-0.09097568
88790,-0.09097568
88841,-0.09097568
88890,-0.09097568
88941,-0.09094516
88988,-0.0910062
89038,-0.09097568
89087,-0.09097568
89142,-0.09097568
89192,-0.091036715
89242,-0.091036715
89289,-0.091036715
89338,-0.091036715
89391,-0.09094516
89438,-0.09094516
89488,-0.09094516
89538,-0.09094516
89588,-0.0910062
89642,-0.0910062
89692,-0.0910062
89742,-0.0910062
89792,-0.09094516
89840,-0.09094516
89892,-0.09094516
89951,-0.09094516
89992,-0.09097568
90042,-0.09097568
90088,-0.09097568
90140,-0.09097568
90188,-0.09097568
90239,-0.09097568
90289,-0.09091464
90340,-0.0910062
90389,-0.0910062
90439,-0.0910062
90488,-0.0910062
90539,-0.0910062
90588,-0.09094516
90638,-0.09094516
90691,-0.09094516
90742,-0.09094516
90788,-0.0910062
90842,-0.0910062
90889,-0.0910062
90941,-0.0910062
90988,-0.0910062
91039,-0.091036715
91089,-0.091036715
91138,-0.091036715
91188,-0.091036715
91238,-0.09094516
91290,-0.09094516
91339,-0.09094516
91388,-0.09094516
91440,-0.09094516
91490,-0.09094516
91538,-0.09094516
91588,-0.09094516
91638,-0.091036715
91688,-0.091036715
91739,-0.091036715
91789,-0.091036715
91839,-0.09094516
91888,-0.09094516
91939,-0.09094516
91988,-0.09094516
92038,-0.0910062
92090,-0.0910062
92140,-0.0910062
92189,-0.0910062
92238,-0.091036715
92288,-0.091036715
92339,-0.091036715
92388,-0.091036715
92438,-0.091036715
92488,-0.091036715
92538,-0.091036715
92588,-0.091036715
92638,-0.0910062
92688,-0.0910062
92738,-0.0910062
92788,-0.0910062
92839,-0.09094516
92889,-0.09094516
92938,-0.09094516
92988,-0.09094516
93039,-0.0910062
93088,-0.0910062
93138,-0.0910062
93188,-0.0910062
93238,-0.0910062
93288,-0.09094516
93339,-0.09094516
93388,-0.09094516
93439,-0.09094516
93491,-0.0910062
93539,-0.0910062
93588,-0.0910062
93638,-0.0910062
93688,-0.09094516
93738,-0.09094516
93788,-0.09094516
93838,-0.09094516
93887,-0.0910062
93938,-0.0910062
93988,-0.0910062
94038,-0.0910062
94087,-0.0910062
94138,-0.0910062
94188,-0.0910062
94238,-0.0910062
94288,-0.09094516
94338,-0.09094516
94388,-0.09094516
94438,-0.09094516
94487,-0.091036715
94539,-0.091036715
94588,-0.091036715
94638,-0.091036715
94688,-0.09097568
94738,-0.09097568
94788,-0.09097568
94838,-0.09097568
94889,-0.0910062
94938,-0.0910062
94988,-0.0910062
95038,-0.0910062
95088,-0.09097568
95138,-0.09097568
95188,-0.09097568
95238,-0.09097568
95288,-0.09097568
95338,-0.091036715
95388,-0.091036715
95438,-0.091036715
95488,-0.091036715
95538,-0.09097568
95589,-0.09097568
95638,-0.09097568
95689,-0.09097568
95738,-0.0910062
95789,-0.0910062
95839,-0.0910062
95889,-0.0910062
95938,-0.09097568
95989,-0.09097568
96038,-0.09097568
96086,-0.09097568
96139,-0.09106723
96188,-0.09106723
96239,-0.09106723
96289,-0.09106723
96339,-0.09106723
96388,-0.09106723
96438,-0.09106723
96488,-0.09106723
96538,-0.09097568
96588,-0.09097568
96638,-0.09097568
96689,-0.09097568
96738,-0.091036715
96786,-0.091036715
96839,-0.091036715
96891,-0.091036715
96939,-0.0910062
96988,-0.0910062
97038,-0.0910062
97088,-0.0910062
97139,-0.091036715
97188,-0.091036715
97238,-0.091036715
97288,-0.091036715
97338,-0.09106723
97388,-0.0910062
97438,-0.0910062
97488,-0.0910062
97538,-0.0910062
97588,-0.091036715
97638,-0.091036715
97688,-0.091036715
97738,-0.091036715
97788,-0.09097568
97838,-0.09097568
97888,-0.09097568
97938,-0.09097568
97988,-0.091036715
98038,-0.091036715
98088,-0.091036715
98138,-0.091036715
98188,-0.09106723
98238,-0.09106723
98288,-0.09106723
98338,-0.09106723
98389,-0.09106723
98438,-0.09106723
98488,-0.09106723
98538,-0.09106723
98588,-0.091036715
98638,-0.091036715
98687,-0.091036715
98738,-0.091036715
98789,-0.09097568
98839,-0.09097568
98887,-0.09097568
98938,-0.09097568
98989,-0.0910062
99038,-0.0910062
99089,-0.0910062
99139,-0.0910062
99189,-0.0910062
99239,-0.0910062
99290,-0.0910062
99339,-0.0910062
99389,-0.09106723
99438,-0.09106723
99488,-0.09106723
99540,-0.09106723
99589,-0.09106723
99638,-0.0910062
99688,-0.0910062
99737,-0.0910062
99788,-0.0910062
99838,-0.091036715
99888,-0.091036715
99937,-0.091036715
99988,-0.091036715
100038,-0.09097568
100088,-0.09097568
100138,-0.09097568
100188,-0.09097568
100238,-0.09106723
100288,-0.09106723
100338,-0.09106723
100388,-0.09106723
100438,-0.09106723
100489,-0.0910062
100539,-0.091036715
100586,-0.091036715
100638,-0.091036715
100688,-0.091036715
100738,-0.091036715
100788,-0.091036715
100838,-0.09106723
100888,-0.09106723
100939,-0.09106723
100988,-0.09106723
101039,-0.0910062
101087,-0.0910062
101138,-0.0910062
101189,-0.0910062
101239,-0.09106723
101288,-0.09106723
101339,-0.09106723
101388,-0.09106723
101438,-0.0910062
101488,-0.0910062
101538,-0.0910062
101588,-0.0910062
101638,-0.0910062
101688,-0.09106723
101738,-0.09106723
101789,-0.09106723
101838,-0.09106723
101889,-0.09097568
101939,-0.09097568
101986,-0.09097568
102039,-0.09097568
102089,-0.09106723
102138,-0.09106723
102188,-0.09106723
102239,-0.09106723
102288,-0.09106723
102339,-0.09106723
102388,-0.09106723
102438,-0.09106723
102488,-0.0910062
102538,-0.0910062
102589,-0.0910062
102638,-0.0910062
102688,-0.0910062
102738,-0.0910062
102788,-0.0910062
102838,-0.0910062
102888,-0.0910062
102936,-0.0910062
102988,-0.0910062
103039,-0.0910062
103088,-0.091036715
103138,-0.091036715
103189,-0.091036715
103240,-0.091036715
103291,-0.0910062
103338,-0.0910062
103386,-0.0910062
103437,-0.0910062
103488,-0.09106723
103538,-0.09097568
103588,-0.09106723
103639,-0.0910062
103688,-0.0910062
103738,-0.0910062
103788,-0.0910062
103838,-0.0910062
103889,-0.0910062
103938,-0.091036715
103989,-0.091036715
104039,-0.091036715
104089,-0.091036715
104138,-0.091036715
104188,-0.091036715
104238,-0.091036715
104288,-0.091036715
104338,-0.0910062
104388,-0.0910062
104438,-0.0910062
104488,-0.0910062
104538,-0.09106723
104589,-0.09106723
104638,-0.09106723
104688,-0.09106723
104739,-0.091036715
104788,-0.091036715
104838,-0.091036715
104889,-0.091036715
104938,-0.091036715
104988,-0.091036715
105038,-0.091036715
105088,-0.091036715
105138,-0.09097568
105188,-0.09097568
105238,-0.0910062
105288,-0.091036715
105339,-0.091036715
105388,-0.0910062
105438,-0.091036715
105488,-0.09097568
105538,-0.09097568
105589,-0.09097568
105638,-0.09097568
105688,-0.09097568
105738,-0.09106723
105788,-0.09106723
105838,-0.09106723
105888,-0.09106723
105939,-0.09106723
105988,-0.091036715
106038,-0.091036715
106088,-0.091036715
106139,-0.091036715
106189,-0.09097568
106238,-0.09097568
106289,-0.09097568
106339,-0.09097568
106388,-0.09106723
106438,-0.09106723
106489,-0.09106723
106538,-0.09106723
106588,-0.0910062
106638,-0.0910062
106687,-0.0910062
106738,-0.0910062
106788,-0.09106723
106838,-0.09106723
106888,-0.09106723
106938,-0.09106723
106988,-0.0910062
107038,-0.0910062
107088,-0.0910062
107138,-0.0910062
107188,-0.09106723
107238,-0.09106723
107288,-0.09106723
107336,-0.09106723
107388,-0.0910062
107439,-0.0910062
107489,-0.0910062
107539,-0.0910062
107588,-0.091036715
107639,-0.091036715
107688,-0.091036715
107739,-0.091036715
107789,-0.091036715
107839,-0.091036715
107888,-0.091036715
107938,-0.091036715
107988,-0.09106723
108038,-0.09106723
108088,-0.09106723
108138,-0.09106723
108188,-0.09106723
108238,-0.09106723
108288,-0.09106723
108338,-0.09106723
108388,-0.09106723
108437,-0.091036715
108488,-0.091036715
108538,-0.091036715
108588,-0.091036715
108638,-0.09106723
108688,-0.09106723
108737,-0.09106723
108788,-0.09106723
108838,-0.0910062
108888,-0.0910062
108939,-0.0910062
108989,-0.0910062
109039,-0.09106723
109089,-0.09106723
109139,-0.09106723
109186,-0.09106723
109238,-0.09097568
109289,-0.09106723
109337,-0.0910062
109387,-0.09106723
109436,-0.09106723
109486,-0.0910062
109539,-0.0910062
109589,-0.0910062
109639,-0.0910062
109688,-0.0910062
109738,-0.0910062
109789,-0.0910062
109838,-0.09106723
109888,-0.09106723
109938,-0.09106723
109988,-0.09106723
110038,-0.0910062
110089,-0.09106723
110138,-0.09106723
110188,-0.09106723
110238,-0.09106723
110288,-0.0910062
110338,-0.0910062
110388,-0.0910062
110438,-0.0910062
110488,-0.091036715
110539,-0.091036715
110588,-0.091036715
110638,-0.091036715
110688,-0.09106723
110738,-0.09106723
110788,-0.0910062
110838,-0.09106723
110888,-0.09106723
110939,-0.09106723
110989,-0.09106723
111039,-0.09106723
111088,-0.091036715
111138,-0.091036715
111188,-0.091036715
111238,-0.091036715
111288,-0.09109775
111338,-0.09109775
111386,-0.09109775
111437,-0.09109775
111488,-0.0910062
111539,-0.0910062
111588,-0.0910062
111638,-0.0910062
111689,-0.09109775
111739,-0.09109775
111788,-0.09109775
111839,-0.09109775
111888,-0.09106723
111939,-0.09106723
111987,-0.09106723
112039,-0.09106723
112086,-0.0910062
112138,-0.0910062
112188,-0.0910062
112238,-0.0910062
112289,-0.09097568
112338,-0.09106723
112388,-0.09106723
112438,-0.09106723
112488,-0.09106723
112538,-0.09097568
112588,-0.09097568
112638,-0.09097568
112688,-0.09097568
112738,-0.091036715
112788,-0.091036715
112838,-0.091036715
112888,-0.091036715
112938,-0.09097568
112988,-0.09097568
113038,-0.09097568
113088,-0.09097568
113138,-0.09106723
113188,-0.09106723
113238,-0.09106723
113289,-0.09106723
113338,-0.0910062
113388,-0.0910062
113438,-0.0910062
113489,-0.0910062
113539,-0.091036715
113589,-0.091036715
113639,-0.091036715
113689,-0.091036715
113738,-0.091036715
113789,-0.091036715
113839,-0.091036715
113888,-0.091036715
113939,-0.09106723
113988,-0.09106723
114039,-0.09106723
114089,-0.09106723
114138,-0.09106723
114188,-0.09106723
114238,-0.09106723
114288,-0.09106723
114338,-0.0910062
114388,-0.0910062
114438,-0.0910062
114488,-0.0910062
114538,-0.0910062
114588,-0.09106723
114639,-0.09106723
114689,-0.09106723
114739,-0.09106723
114789,-0.09097568
114839,-0.09097568
114888,-0.09097568
114938,-0.09097568
114988,-0.09106723
115038,-0.09106723
115088,-0.09106723
115138,-0.09106723
115188,-0.09097568
115238,-0.09097568
115288,-0.09097568
115338,-0.09097568
115388,-0.091036715
115438,-0.091036715
115489,-0.091036715
115538,-0.091036715
115589,-0.0910062
115639,-0.0910062
115689,-0.0910062
115739,-0.0910062
115786,-0.09106723
115839,-0.09106723
115888,-0.09106723
115938,-0.09106723
115988,-0.09106723
116038,-0.09106723
116088,-0.09106723
116139,-0.09106723
116189,-0.0910062
116237,-0.0910062
116289,-0.0910062
116337,-0.0910062
116389,-0.091036715
116439,-0.091036715
116488,-0.091036715
116538,-0.091036715
116589,-0.09094516
116639,-0.09097568
116689,-0.09097568
116738,-0.09097568
116788,-0.09097568
116838,-0.09106723
116887,-0.09106723
116938,-0.09106723
116988,-0.09106723
117038,-0.09097568
117086,-0.09097568
117139,-0.09097568
117190,-0.09097568
117238,-0.091036715
117289,-0.091036715
117339,-0.091036715
117389,-0.091036715
117439,-0.09097568
117488,-0.09097568
117539,-0.09097568
117589,-0.09097568
117638,-0.091036715
117689,-0.091036715
117738,-0.091036715
117788,-0.091036715
117838,-0.0910062
117888,-0.0910062
117938,-0.0910062
117989,-0.0910062
118038,-0.091036715
118088,-0.091036715
118139,-0.091036715
118188,-0.091036715
118238,-0.091036715
118288,-0.091036715
118338,-0.091036715
118388,-0.091036715
118439,-0.09097568
118488,-0.09097568
118538,-0.09097568
118588,-0.09097568
118638,-0.091036715
118688,-0.091036715
118738,-0.091036715
118788,-0.091036715
118837,-0.091036715
118888,-0.09097568
118939,-0.09097568
118988,-0.09097568
119038,-0.09106723
119089,-0.09097568
119138,-0.09097568
119188,-0.09097568
119238,-0.09097568
119288,-0.09094516
119338,-0.09094516
119389,-0.09094516
119439,-0.09094516
119488,-0.091036715
119539,-0.091036715
119588,-0.091036715
119638,-0.091036715
119689,-0.09094516
119738,-0.09094516
119789,-0.09094516
119838,-0.09094516
119888,-0.09106723
119938,-0.09106723
119988,-0.09106723
120038,-0.09106723
120088,-0.091036715
120139,-0.091036715
120188,-0.091036715
120239,-0.091036715
120288,-0.09097568
120338,-0.09097568
120388,-0.09097568
120439,-0.09097568
120489,-0.091036715
120539,-0.091036715
120589,-0.091036715
120639,-0.091036715
120689,-0.09097568
120739,-0.09097568
120789,-0.09097568
120839,-0.09097568
120889,-0.0910062
120939,-0.09097568
120989,-0.09097568
121038,-0.09097568
121088,-0.09094516
121138,-0.09094516
121189,-0.09094516
121238,-0.09094516
121289,-0.09094516
121339,-0.0910062
121388,-0.0910062
121438,-0.0910062
121489,-0.0910062
121538,-0.09094516
121588,-0.09094516
121639,-0.09094516
121689,-0.09094516
121738,-0.09097568
121789,-0.09097568
121839,-0.09097568
121888,-0.09097568
121938,-0.0910062
121988,-0.0910062
122039,-0.0910062
122089,-0.0910062
122139,-0.09097568
122189,-0.09097568
122238,-0.09097568
122289,-0.09097568
122337,-0.09097568
122389,-0.09097568
122439,-0.09097568
122488,-0.09097568
122538,-0.09091464
122588,-0.09091464
122638,-0.09091464
122688,-0.09091464
122738,-0.09094516
122788,-0.09094516
122838,-0.09094516
122888,-0.09094516
122938,-0.09097568
122988,-0.09091464
123039,-0.09091464
123089,-0.09091464
123139,-0.09091464
123188,-0.09097568
123238,-0.09097568
123288,-0.09097568
123338,-0.09097568
123388,-0.09091464
123438,-0.09091464
123488,-0.09091464
123538,-0.09091464
123588,-0.09097568
123638,-0.09097568
123688,-0.09097568
123738,-0.09097568
123789,-0.09097568
123838,-0.09097568
123889,-0.09097568
123937,-0.09097568
123989,-0.09097568
124039,-0.09097568
124088,-0.09097568
124139,-0.09097568
124188,-0.09088412
124238,-0.09088412
124288,-0.09088412
124338,-0.09088412
124388,-0.09094516
124438,-0.09094516
124489,-0.09094516
124538,-0.09094516
124589,-0.0908536
124638,-0.0908536
124689,-0.0908536
124739,-0.0908536
124788,-0.09091464
124838,-0.09091464
124888,-0.09091464
124936,-0.09091464
124988,-0.09088412
125039,-0.09088412
125088,-0.09088412
125139,-0.09088412
125189,-0.09094516
125239,-0.09094516
125289,-0.09094516
125338,-0.09094516
125388,-0.09094516
125438,-0.09094516
125488,-0.09094516
125539,-0.09094516
125589,-0.09094516
125638,-0.0908536
125688,-0.0908536
125738,-0.0908536
125788,-0.0908536
125838,-0.09091464
125889,-0.09091464
125938,-0.09091464
125989,-0.09091464
126039,-0.0908536
126088,-0.0908536
126139,-0.0908536
126188,-0.0908536
126237,-0.09091464
126288,-0.09091464
126338,-0.09091464
126388,-0.09091464
126438,-0.090823084
126488,-0.090823084
126538,-0.090823084
126588,-0.090823084
126638,-0.09088412
126688,-0.09088412
126738,-0.09088412
126788,-0.090823084
126838,-0.09088412
126888,-0.09088412
126938,-0.09079257
126988,-0.09079257
127038,-0.09088412
127088,-0.09088412
127139,-0.09088412
127188,-0.09088412
127239,-0.0908536
127289,-0.09091464
127339,-0.09091464
127389,-0.09091464
127439,-0.09091464
127489,-0.0908536
127538,-0.09088412
127589,-0.09088412
127639,-0.09088412
127688,-0.09088412
127738,-0.09088412
127788,-0.09088412
127840,-0.09088412
127889,-0.09079257
127938,-0.09079257
127988,-0.09079257
128038,-0.09079257
128088,-0.09088412
128138,-0.09088412
128188,-0.09088412
128238,-0.09088412
128288,-0.09079257
128337,-0.09079257
128388,-0.09079257
128438,-0.09079257
128488,-0.09088412
128538,-0.09088412
128588,-0.09088412
128638,-0.09088412
128689,-0.09079257
128738,-0.09079257
128788,-0.09079257
128839,-0.09079257
128886,-0.0908536
128938,-0.0908536
128988,-0.0908536
129038,-0.0908536
129088,-0.090823084
129138,-0.090823084
129188,-0.090823084
129239,-0.090823084
129288,-0.09088412
129338,-0.09088412
129387,-0.09088412
129439,-0.09088412
129488,-0.09088412
129537,-0.09088412
129588,-0.09088412
129639,-0.09088412
129689,-0.09088412
129739,-0.090823084
129789,-0.090823084
129839,-0.090823084
129889,-0.090823084
129938,-0.09088412
129988,-0.09088412
130039,-0.09088412
130088,-0.09088412
130139,-0.09079257
130188,-0.09079257
130238,-0.09079257
130288,-0.09079257
130338,-0.0908536
130390,-0.0908536
130439,-0.0908536
130488,-0.0908536
130537,-0.09079257
130587,-0.09079257
130638,-0.09079257
130689,-0.09079257
130738,-0.0908536
130788,-0.0908536
130839,-0.0908536
130888,-0.0908536
130939,-0.09079257
130988,-0.09079257
131038,-0.09079257
131089,-0.09079257
131138,-0.090823084
131188,-0.09079257
131238,-0.090823084
131287,-0.09079257
131338,-0.09079257
131388,-0.09079257
131438,-0.09079257
131488,-0.09079257
131539,-0.090823084
131588,-0.0908536
131638,-0.0908536
131688,-0.0908536
131738,-0.0908536
131788,-0.090823084
131838,-0.090823084
131888,-0.090823084
131939,-0.090823084
131988,-0.09079257
132039,-0.09079257
132088,-0.09079257
132138,-0.09079257
132188,-0.090823084
132238,-0.090823084
132289,-0.090823084
132339,-0.090823084
132389,-0.09079257
132438,-0.09079257
132489,-0.09079257
132538,-0.09079257
132588,-0.0908536
132639,-0.0908536
132689,-0.0908536
132738,-0.0908536
132789,-0.09076205
132838,-0.09076205
132889,-0.09076205
132939,-0.09076205
132989,-0.090823084
133038,-0.090823084
133089,-0.090823084
133138,-0.090823084
133189,-0.09073153
133239,-0.09073153
133289,-0.09073153
133338,-0.09073153
133388,-0.090823084
133438,-0.090823084
133488,-0.090823084
133539,-0.090823084
133588,-0.09079257
133638,-0.09073153
133688,-0.09073153
133738,-0.09073153
133788,-0.09073153
133838,-0.090823084
133888,-0.090823084
133938,-0.090823084
133988,-0.090823084
134038,-0.09076205
134088,-0.09076205
134138,-0.09076205
134187,-0.09079257
134239,-0.09076205
134288,-0.09076205
134338,-0.09079257
134388,-0.09073153
134438,-0.09073153
134488,-0.09073153
134539,-0.09073153
134588,-0.09073153
134638,-0.090823084
134687,-0.090823084
134737,-0.090823084
134788,-0.090823084
134838,-0.09079257
134888,-0.09079257
134937,-0.09079257
134987,-0.09079257
135038,-0.090823084
135088,-0.090823084
135138,-0.090823084
135188,-0.090823084
135238,-0.09079257
135288,-0.09079257
135339,-0.09079257
135389,-0.09079257
135438,-0.09073153
135488,-0.09073153
135538,-0.09073153
135588,-0.09073153
135638,-0.09079257
135688,-0.09079257
135738,-0.09079257
135788,-0.09079257
135839,-0.09073153
135888,-0.09073153
135938,-0.09073153
135988,-0.09073153
136038,-0.09073153
136089,-0.09076205
136138,-0.09076205
136188,-0.09076205
136238,-0.09076205
136288,-0.09073153
136338,-0.09073153
136388,-0.09073153
136438,-0.09073153
136488,-0.09073153
136538,-0.09073153
136588,-0.09073153
136638,-0.09073153
136686,-0.09067049
136738,-0.09067049
136789,-0.09067049
136838,-0.09067049
136888,-0.09079257
136938,-0.09079257
136988,-0.09079257
137038,-0.09079257
137088,-0.09076205
137138,-0.09076205
137188,-0.09076205
137239,-0.09076205
137288,-0.090701014
137338,-0.090701014
137388,-0.090701014
137439,-0.090701014
137488,-0.09073153
137538,-0.09073153
137589,-0.09073153
137639,-0.09073153
137688,-0.09067049
137739,-0.09067049
137788,-0.09067049
137839,-0.09067049
137889,-0.09073153
137939,-0.09073153
137989,-0.09073153
138039,-0.09076205
138089,-0.090701014
138139,-0.09073153
138189,-0.09073153
138239,-0.09067049
138288,-0.09067049
138339,-0.09073153
138388,-0.09073153
138439,-0.09073153
138489,-0.09073153
138538,-0.090701014
138589,-0.090701014
138638,-0.090701014
138688,-0.090701014
138738,-0.09073153
138788,-0.09073153
138838,-0.09073153
138888,-0.09073153
138938,-0.09063997
138988,-0.09063997
139038,-0.09063997
139088,-0.09063997
139138,-0.09073153
139188,-0.09073153
139238,-0.09073153
139288,-0.09073153
139338,-0.09076205
139388,-0.09076205
139438,-0.09076205
139488,-0.09076205
139538,-0.09073153
139588,-0.09073153
139638,-0.09073153
139688,-0.09073153
139738,-0.090701014
139788,-0.090701014
139838,-0.090701014
139888,-0.090701014
139939,-0.090701014
139988,-0.09063997
140038,-0.09063997
140088,-0.09063997
140138,-0.09063997
140188,-0.09073153
140238,-0.09073153
140288,-0.09073153
140338,-0.09073153
140388,-0.09067049
140438,-0.09067049
140488,-0.09067049
140538,-0.09067049
140588,-0.09067049
140638,-0.09067049
140688,-0.09067049
140738,-0.09067049
140788,-0.09063997
140838,-0.09063997
140888,-0.09063997
140938,-0.09063997
140988,-0.09067049
141038,-0.09067049
141089,-0.09067049
141139,-0.09067049
141189,-0.09067049
141238,-0.09067049
141288,-0.09067049
141338,-0.09067049
141388,-0.09060945
141438,-0.09067049
141489,-0.09067049
141538,-0.090578936
141588,-0.09063997
141637,-0.09063997
141689,-0.09063997
141738,-0.09063997
141788,-0.090578936
141839,-0.090578936
141889,-0.090578936
141938,-0.090578936
141989,-0.09063997
142038,-0.09063997
142087,-0.09063997
142138,-0.09063997
142188,-0.09060945
142238,-0.090578936
142288,-0.090578936
142339,-0.090578936
142388,-0.090578936
142439,-0.090578936
142487,-0.090578936
142538,-0.090578936
142589,-0.090578936
142639,-0.090578936
142689,-0.090578936
142738,-0.090578936
142788,-0.090578936
142839,-0.09063997
142888,-0.09063997
142938,-0.09063997
142988,-0.09063997
143039,-0.09060945
143088,-0.09060945
143136,-0.09060945
143189,-0.09060945
143238,-0.09054842
143289,-0.09054842
143339,-0.09054842
143389,-0.09054842
143438,-0.09060945
143488,-0.09060945
143539,-0.09060945
143589,-0.09060945
143638,-0.090578936
143688,-0.090578936
143738,-0.090578936
143789,-0.090578936
143838,-0.09063997
143889,-0.09063997
143939,-0.09063997
143988,-0.09063997
144038,-0.09054842
144088,-0.09054842
144138,-0.09054842
144188,-0.09054842
144238,-0.0905179
144288,-0.09060945
144339,-0.09060945
144388,-0.09060945
144438,-0.09060945
144488,-0.0905179
144539,-0.0905179
144588,-0.0905179
144638,-0.0905179
144688,-0.09060945
144738,-0.09060945
144788,-0.09060945
144838,-0.09060945
144888,-0.09048738
144938,-0.09048738
144989,-0.09048738
145038,-0.09048738
145088,-0.090578936
145139,-0.090578936
145188,-0.090578936
145238,-0.090578936
145288,-0.090578936
145338,-0.090578936
145388,-0.090578936
145439,-0.090578936
145488,-0.09054842
145539,-0.09054842
145588,-0.09054842
145639,-0.09054842
145688,-0.090578936
145738,-0.090578936
145788,-0.090578936
145839,-0.090578936
145888,-0.0905179
145938,-0.0905179
145988,-0.0905179
146038,-0.0905179
146088,-0.090578936
146138,-0.0905179
146188,-0.09054842
146238,-0.09054842
146288,-0.09048738
146338,-0.09048738
146388,-0.09048738
146437,-0.09048738
146489,-0.090578936
146538,-0.09054842
146588,-0.09054842
146638,-0.09054842
146689,-0.09054842
146738,-0.090456866
146788,-0.090456866
146838,-0.090456866
146891,-0.090456866
146939,-0.090456866
146987,-0.09054842
147037,-0.09054842
147088,-0.090456866
147138,-0.0905179
147188,-0.0905179
147238,-0.0905179
147288,-0.0905179
147338,-0.09054842
147388,-0.09054842
147438,-0.09054842
147488,-0.09054842
147538,-0.09048738
147588,-0.09048738
147638,-0.09048738
147689,-0.09048738
147738,-0.090456866
147788,-0.090456866
147839,-0.090456866
147888,-0.090456866
147939,-0.0905179
147988,-0.0905179
148038,-0.0905179
148089,-0.0905179
148138,-0.090456866
148189,-0.090456866
148239,-0.090456866
148289,-0.090456866
148338,-0.0905179
148389,-0.0905179
148438,-0.0905179
148489,-0.0905179
148539,-0.0905179
148589,-0.09042634
148639,-0.09042634
148689,-0.09042634
148739,-0.09042634
148789,-0.09048738
148838,-0.09048738
148888,-0.09048738
148939,-0.09048738
148988,-0.09042634
149038,-0.09042634
149088,-0.09048738
149138,-0.09048738
149188,-0.09042634
149238,-0.09048738
149288,-0.09048738
149336,-0.09048738
149388,-0.090456866
149438,-0.090456866
149488,-0.090456866
149538,-0.090456866
149588,-0.090456866
149638,-0.090456866
149688,-0.090456866
149738,-0.090456866
149788,-0.090456866
149838,-0.090456866
149888,-0.090456866
149938,-0.090456866
149988,-0.09039582
150039,-0.09039582
150089,-0.09039582
150139,-0.09039582
150188,-0.090456866
150239,-0.090456866
150288,-0.090456866
150339,-0.090456866
150388,-0.09039582
150439,-0.09039582
150488,-0.09039582
150538,-0.09039582
150588,-0.090456866
150639,-0.090456866
150688,-0.090456866
150739,-0.090456866
150788,-0.090365306
150839,-0.090365306
150888,-0.090365306
150939,-0.090365306
150988,-0.090365306
151039,-0.09039582
151088,-0.09039582
151139,-0.09039582
151188,-0.09039582
151238,-0.09039582
151289,-0.09039582
151339,-0.09039582
151388,-0.09039582
151439,-0.09039582
151488,-0.09039582
151536,-0.09039582
151589,-0.09039582
151638,-0.09039582
151688,-0.09033479
151739,-0.09042634
151788,-0.09042634
151839,-0.090365306
151889,-0.090365306
151938,-0.090365306
151989,-0.090365306
152038,-0.09042634
152088,-0.09042634
152139,-0.09042634
152188,-0.09042634
152238,-0.09033479
152289,-0.09033479
152338,-0.09033479
152389,-0.09033479
152439,-0.09039582
152489,-0.09039582
152538,-0.09039582
152588,-0.09039582
152638,-0.09030427
152689,-0.09030427
152738,-0.09030427
152788,-0.09030427
152838,-0.09033479
152888,-0.090365306
152938,-0.090365306
152988,-0.090365306
153038,-0.090365306
153088,-0.09033479
153138,-0.09033479
153188,-0.09033479
153238,-0.09033479
153288,-0.090365306
153338,-0.090365306
153388,-0.090365306
153438,-0.090365306
153488,-0.09033479
153538,-0.09033479
153588,-0.09033479
153638,-0.09033479
153688,-0.090243235
153738,-0.090243235
153788,-0.090243235
153838,-0.090243235
153888,-0.09033479
153938,-0.09033479
153988,-0.09033479
154038,-0.09033479
154088,-0.09030427
154138,-0.09030427
154189,-0.09030427
154239,-0.09030427
154289,-0.09033479
154338,-0.09033479
154388,-0.09033479
154438,-0.09033479
154488,-0.09030427
154538,-0.09030427
154588,-0.09030427
154637,-0.09030427
154689,-0.09033479
154739,-0.09033479
154787,-0.09033479
154839,-0.09033479
154889,-0.09030427
154939,-0.090243235
154989,-0.090243235
155039,-0.090243235
155088,-0.090243235
155138,-0.09027375
155189,-0.09027375
155238,-0.09027375
155287,-0.09027375
155338,-0.090243235
155388,-0.090243235
155437,-0.090243235
155487,-0.090243235
155537,-0.09027375
155588,-0.090243235
155637,-0.090243235
155688,-0.09021272
155738,-0.09027375
155787,-0.09027375
155838,-0.09027375
155888,-0.09027375
155938,-0.09027375
155988,-0.09027375
156038,-0.09027375
156088,-0.09027375
156138,-0.09018219
156188,-0.09018219
156239,-0.09018219
156288,-0.09018219
156338,-0.090243235
156388,-0.090243235
156438,-0.090243235
156488,-0.090243235
156538,-0.09027375
156588,-0.09027375
156639,-0.09027375
156688,-0.09027375
156738,-0.09018219
156788,-0.09018219
156838,-0.09018219
156889,-0.09018219
156939,-0.090243235
156991,-0.090243235
157039,-0.090243235
157088,-0.090243235
157138,-0.090151675
157188,-0.09018219
157238,-0.09018219
157288,-0.09018219
157338,-0.09018219
157388,-0.090243235
157438,-0.090243235
157488,-0.090243235
157536,-0.090243235
157588,-0.09018219
157637,-0.09018219
157688,-0.09018219
157738,-0.09018219
157788,-0.09021272
157838,-0.09021272
157889,-0.09021272
157939,-0.09021272
157989,-0.090151675
158038,-0.090151675
158090,-0.090151675
158138,-0.090151675
158187,-0.09021272
158237,-0.09021272
158288,-0.09021272
158339,-0.09021272
158388,-0.09018219
158438,-0.09018219
158488,-0.09018219
158538,-0.09018219
158588,-0.090151675
158638,-0.090151675
158688,-0.090151675
158736,-0.090151675
158789,-0.090151675
158838,-0.090151675
158889,-0.090151675
158938,-0.090151675
158988,-0.09012116
159039,-0.09012116
159088,-0.09012116
159138,-0.09012116
159189,-0.09012116
159238,-0.09012116
159288,-0.09012116
159339,-0.09012116
159388,-0.09012116
159439,-0.09006012
159489,-0.09006012
159539,-0.09006012
159589,-0.09006012
159639,-0.090151675
159689,-0.090151675
159738,-0.090151675
159789,-0.090151675
159838,-0.09006012
159889,-0.09006012
159937,-0.09006012
159989,-0.09006012
160039,-0.09012116
160088,-0.09012116
160139,-0.09012116
160189,-0.09012116
160239,-0.09012116
160288,-0.09012116
160338,-0.09012116
160388,-0.09012116
160438,-0.09006012
160489,-0.09006012
160538,-0.09006012
160589,-0.09006012
160639,-0.09006012
160689,-0.09006012
160738,-0.09006012
160788,-0.09006012
160838,-0.09006012
160888,-0.09006012
160938,-0.09006012
160989,-0.09006012
161039,-0.09009064
161089,-0.09009064
161139,-0.09009064
161189,-0.09009064
161238,-0.090029605
161289,-0.090029605
161339,-0.090029605
161389,-0.090029605
161439,-0.090029605
161489,-0.09006012
161539,-0.09006012
161589,-0.09006012
161639,-0.090029605
161688,-0.090029605
161739,-0.090029605
161789,-0.090029605
161836,-0.090029605
161889,-0.08999909
161936,-0.08999909
161988,-0.08999909
162037,-0.08999909
162088,-0.09006012
162139,-0.09006012
162189,-0.09006012
162239,-0.09006012
162288,-0.08999909
162338,-0.08999909
162388,-0.08999909
162438,-0.08999909
162488,-0.09006012
162538,-0.09006012
162588,-0.09006012
162638,-0.09006012
162688,-0.08996857
162738,-0.08996857
162788,-0.08996857
162838,-0.08996857
162888,-0.08999909
162938,-0.08999909
162989,-0.08999909
163039,-0.08999909
163089,-0.08996857
163138,-0.08996857
163188,-0.08996857
163238,-0.08996857
163288,-0.08996857
163338,-0.08996857
163388,-0.08996857
163438,-0.08996857
163488,-0.08996857
163538,-0.089938045
163588,-0.089938045
163638,-0.089938045
163688,-0.089938045
163739,-0.08999909
163789,-0.08999909
163838,-0.08999909
163889,-0.08999909
163938,-0.08996857
163989,-0.08996857
164039,-0.08996857
164089,-0.08996857
164138,-0.08990753
164188,-0.08990753
164238,-0.08990753
164288,-0.08990753
164338,-0.08996857
164388,-0.08996857
164439,-0.08996857
164488,-0.08996857
164539,-0.08987701
164588,-0.08987701
164638,-0.08987701
164688,-0.08987701
164738,-0.089938045
164788,-0.089938045
164838,-0.089938045
164888,-0.089938045
164938,-0.08990753
164989,-0.08990753
165039,-0.08990753
165089,-0.08990753
165138,-0.08999909
165188,-0.08999909
165238,-0.08999909
165289,-0.08999909
165339,-0.08987701
165388,-0.08987701
165439,-0.08987701
165489,-0.08987701
165538,-0.08990753
165589,-0.08990753
165638,-0.08990753
165688,-0.08990753
165739,-0.08990753
165787,-0.08990753
165839,-0.08987701
165888,-0.089938045
165941,-0.089938045
165988,-0.08987701
166038,-0.08987701
166088,-0.08987701
166138,-0.08987701
166188,-0.08990753
166238,-0.08990753
166288,-0.08990753
166338,-0.08990753
166388,-0.08984649
166438,-0.08984649
166488,-0.08984649
166538,-0.08984649
166588,-0.08990753
166638,-0.08990753
166688,-0.08990753
166738,-0.08990753
166788,-0.08984649
166838,-0.08984649
166888,-0.08984649
166938,-0.08984649
166988,-0.08990753
167038,-0.08990753
167088,-0.08990753
167138,-0.08990753
167189,-0.089815974
167238,-0.089815974
167288,-0.089815974
167338,-0.089815974
167388,-0.08984649
167438,-0.08984649
167488,-0.08984649
167538,-0.08984649
167588,-0.089815974
167637,-0.089815974
167688,-0.089815974
167738,-0.089815974
167788,-0.08984649
167838,-0.089815974
167888,-0.089815974
167938,-0.089815974
167988,-0.089815974
168038,-0.089815974
168089,-0.089815974
168138,-0.089815974
168189,-0.089815974
168238,-0.08984649
168288,-0.08984649
168338,-0.08984649
168388,-0.08984649
168438,-0.08984649
168488,-0.08984649
168538,-0.08984649
168588,-0.08984649
168639,-0.08978546
168688,-0.08978546
168738,-0.08978546
168789,-0.08978546
168838,-0.08984649
168888,-0.08984649
168938,-0.08984649
168989,-0.08984649
169038,-0.08975494
169088,-0.08975494
169138,-0.08975494
169188,-0.08975494
169237,-0.08978546
169288,-0.08978546
169339,-0.08978546
169389,-0.08978546
169438,-0.08972442
169489,-0.08972442
169538,-0.08972442
169588,-0.08972442
169638,-0.08972442
169688,-0.08972442
169739,-0.08972442
169789,-0.08972442
169838,-0.08972442
169889,-0.08966338
169939,-0.08966338
169987,-0.08966338
170039,-0.08966338
170089,-0.08972442
170138,-0.08972442
170188,-0.08972442
170238,-0.08972442
170288,-0.0896939
170339,-0.0896939
170388,-0.0896939
170438,-0.0896939
170488,-0.0896939
170536,-0.0896939
170588,-0.0896939
170637,-0.0896939
170688,-0.08966338
170738,-0.08966338
170788,-0.08966338
170838,-0.08966338
170888,-0.08951079
170938,-0.08951079
170988,-0.08951079
171038,-0.08951079
171088,-0.08951079
171138,-0.08951079
171188,-0.08951079
171238,-0.08951079
171288,-0.08948027
171339,-0.08948027
171389,-0.08948027
171439,-0.08948027
171489,-0.08951079
171538,-0.08951079
171589,-0.08951079
171638,-0.08951079
171689,-0.08932768
171738,-0.08932768
171788,-0.08932768
171836,-0.08932768
171889,-0.08941923
171939,-0.08941923
171988,-0.08941923
172039,-0.08941923
172086,-0.08932768
172138,-0.08944975
172187,-0.089358196
172239,-0.08938871
172289,-0.08938871
172339,-0.08932768
172389,-0.08932768
172437,-0.08932768
172488,-0.08932768
172536,-0.08938871
172588,-0.08938871
172636,-0.08938871
172689,-0.08938871
172738,-0.08926664
172789,-0.08926664
172839,-0.08926664
172889,-0.08926664
172938,-0.08929716
172989,-0.08929716
173039,-0.08929716
173089,-0.08929716
173138,-0.08917508
173188,-0.08917508
173238,-0.08917508
173288,-0.08917508
173338,-0.089236125
173388,-0.089236125
173437,-0.089236125
173488,-0.089236125
173538,-0.089144565
173587,-0.089144565
173638,-0.089144565
173689,-0.089144565
173738,-0.0892056
173789,-0.0892056
173838,-0.0892056
173888,-0.0892056
173938,-0.08911405
173988,-0.08911405
174038,-0.08911405
174088,-0.08911405
174138,-0.08917508
174188,-0.089144565
174238,-0.089144565
174288,-0.089144565
174338,-0.089144565
174388,-0.08917508
174438,-0.08917508
174489,-0.08917508
174538,-0.08917508
174588,-0.08908353
174638,-0.08908353
174688,-0.08908353
174738,-0.08908353
174788,-0.089144565
174838,-0.089144565
174888,-0.089144565
174938,-0.089144565
174988,-0.089022495
175038,-0.089022495
175088,-0.089022495
175139,-0.089022495
175186,-0.08908353
175239,-0.08908353
175289,-0.08908353
175339,-0.08908353
175388,-0.08899198
175438,-0.08899198
175488,-0.08899198
175538,-0.08899198
175588,-0.089022495
175638,-0.089022495
175688,-0.089022495
175738,-0.089022495
175788,-0.08899198
175838,-0.08899198
175888,-0.08899198
175938,-0.08899198
175987,-0.089022495
176038,-0.089022495
176087,-0.089022495
176138,-0.089022495
176188,-0.088930935
176237,-0.08896145
176288,-0.08896145
176338,-0.08896145
176388,-0.08896145
176438,-0.08883938
176489,-0.08883938
176538,-0.08883938
176589,-0.08883938
176638,-0.08890042
176688,-0.08890042
176736,-0.08890042
176789,-0.08890042
176837,-0.08883938
176888,-0.08883938
176938,-0.08883938
176987,-0.08883938
177039,-0.0888699
177087,-0.0888699
177139,-0.0888699
177187,-0.0888699
177239,-0.08877835
177288,-0.08877835
177339,-0.08877835
177388,-0.08877835
177438,-0.08883938
177488,-0.08883938
177538,-0.08883938
177588,-0.08883938
177638,-0.08874783
177688,-0.08874783
177739,-0.08874783
177788,-0.08874783
177839,-0.088808864
177888,-0.088808864
177938,-0.088808864
177988,-0.088808864
178037,-0.08874783
178088,-0.08874783
178136,-0.08874783
178188,-0.08874783
178237,-0.08868679
178288,-0.08868679
178339,-0.08868679
178386,-0.08868679
178438,-0.088717304
178487,-0.08868679
178538,-0.08868679
178589,-0.08868679
178638,-0.08868679
178688,-0.088595234
178739,-0.088595234
178789,-0.088595234
178838,-0.088595234
178889,-0.08865627
178937,-0.08865627
178989,-0.08865627
179038,-0.08865627
179088,-0.08856472
179138,-0.08862575
179188,-0.0885342
179239,-0.088595234
179288,-0.088473156
179338,-0.088473156
179388,-0.088473156
179438,-0.088473156
179488,-0.088473156
179538,-0.088473156
179589,-0.088473156
179639,-0.088473156
179688,-0.08850368
179738,-0.08850368
179788,-0.08850368
179838,-0.08850368
179888,-0.088473156
179938,-0.088473156
179988,-0.088473156
180037,-0.088473156
180088,-0.08850368
180139,-0.08850368
180187,-0.08850368
180239,-0.08850368
180288,-0.0883816
180337,-0.0883816
180389,-0.0883816
180438,-0.0883816
180489,-0.08844264
180538,-0.088351086
180587,-0.088351086
180638,-0.088351086
180688,-0.088351086
180738,-0.088351086
180786,-0.088351086
180838,-0.088351086
180888,-0.088351086
180938,-0.08825953
180989,-0.08825953
181036,-0.08825953
181089,-0.08825953
181138,-0.088351086
181188,-0.088351086
181238,-0.088351086
181288,-0.088351086
181338,-0.08825953
181388,-0.08825953
181438,-0.08825953
181488,-0.08825953
181538,-0.08829005
181588,-0.08829005
181639,-0.08829005
181688,-0.08829005
181738,-0.08816797
181788,-0.08816797
181838,-0.08816797
181888,-0.08816797
181938,-0.08822901
181988,-0.08822901
182039,-0.08822901
182088,-0.08822901
182137,-0.08810694
182189,-0.08810694
182236,-0.08810694
182289,-0.08810694
182336,-0.087923825
182389,-0.08795434
182438,-0.08795434
182488,-0.08786279
182538,-0.08795434
182588,-0.08795434
182638,-0.08795434
182688,-0.08795434
182738,-0.08786279
182788,-0.087801754
182838,-0.087801754
182888,-0.087801754
182938,-0.087801754
182988,-0.08786279
183038,-0.08786279
183089,-0.08786279
183139,-0.08786279
183188,-0.087801754
183238,-0.087801754
183288,-0.087801754
183338,-0.087801754
183388,-0.087801754
183438,-0.087801754
183488,-0.087801754
183538,-0.087801754
183588,-0.08777124
183638,-0.08777124
183688,-0.08777124
183739,-0.08777124
183788,-0.08777124
183838,-0.08777124
183888,-0.08777124
183938,-0.08777124
183988,-0.08783227
184037,-0.08783227
184088,-0.08783227
184138,-0.08783227
184188,-0.087710194
184238,-0.087710194
184288,-0.087710194
184338,-0.087710194
184388,-0.08774071
184438,-0.08774071
184488,-0.08774071
184539,-0.08774071
184588,-0.087710194
184638,-0.087710194
184688,-0.087710194
184738,-0.087710194
184788,-0.08767968
184838,-0.08774071
184888,-0.08774071
184938,-0.08774071
184988,-0.08774071
185038,-0.08767968
185088,-0.08767968
185140,-0.08767968
185189,-0.08767968
185238,-0.087710194
185286,-0.087710194
185338,-0.087710194
185387,-0.087710194
185439,-0.08761864
185489,-0.08761864
185539,-0.08761864
185590,-0.08761864
185638,-0.08764916
185688,-0.08764916
185738,-0.08764916
185788,-0.08764916
185838,-0.08761864
185888,-0.08761864
185938,-0.08761864
185988,-0.08761864
186038,-0.087588124
186089,-0.087588124
186139,-0.087588124
186189,-0.087588124
186238,-0.08761864
186288,-0.08761864
186338,-0.08761864
186388,-0.08761864
186439,-0.08755761
186489,-0.08755761
186538,-0.08755761
186588,-0.08755761
186638,-0.087496564
186688,-0.087496564
186738,-0.087496564
186788,-0.087496564
186838,-0.08740501
186888,-0.08740501
186938,-0.08740501
186988,-0.08740501
187038,-0.08740501
187088,-0.0872219
187138,-0.0872219
187188,-0.0872219
187238,-0.0872219
187288,-0.08709983
187338,-0.08709983
187388,-0.08709983
187438,-0.08709983
187488,-0.087130345
187538,-0.087130345
187588,-0.087130345
187638,-0.087130345
187688,-0.08694723
187738,-0.08694723
187788,-0.08694723
187838,-0.08694723
187888,-0.08676412
187938,-0.08676412
187988,-0.08676412
188038,-0.08676412
188088,-0.0868862
188138,-0.0868862
188188,-0.0868862
188238,-0.0868862
188288,-0.086794645
188338,-0.086794645
188387,-0.086794645
188438,-0.086794645
188488,-0.0867336
188538,-0.0867336
188589,-0.0867336
188639,-0.0867336
188688,-0.08664205
188738,-0.08664205
188788,-0.08664205
188838,-0.08664205
188888,-0.086703084
188938,-0.086703084
188988,-0.086703084
189038,-0.086703084
189088,-0.086703084
189138,-0.086581014
189188,-0.086581014
189238,-0.086581014
189288,-0.086581014
189338,-0.086581014
189388,-0.086581014
189438,-0.086581014
189488,-0.086581014
189538,-0.08651997
189589,-0.08651997
189638,-0.08651997
189688,-0.08651997
189738,-0.08642842
189787,-0.08642842
189838,-0.08642842
189888,-0.08642842
189938,-0.086703084
189988,-0.086703084
190038,-0.086703084
190088,-0.086703084
190138,-0.08676412
190188,-0.08676412
190238,-0.08676412
190288,-0.08676412
190338,-0.08694723
190388,-0.08694723
190439,-0.08694723
190489,-0.08694723
190538,-0.08719138
190589,-0.08719138
190639,-0.08719138
190689,-0.08719138
190738,-0.08862575
190788,-0.08862575
190838,-0.08862575
190888,-0.08862575
190938,-0.08877835
190988,-0.08877835
191039,-0.08877835
191088,-0.08877835
191138,-0.08874783
191189,-0.088717304
191238,-0.088717304
191289,-0.088717304
191339,-0.088717304
191389,-0.088595234
191438,-0.088595234
191488,-0.088595234
191538,-0.088595234
191588,-0.088351086
191636,-0.088351086
191688,-0.088351086
191738,-0.088351086
191788,-0.088137455
191838,-0.088137455
191888,-0.088137455
191938,-0.088137455
191988,-0.088137455
192038,-0.088137455
192088,-0.088137455
192138,-0.088137455
192188,-0.08777124
192238,-0.08777124
192289,-0.08777124
192339,-0.08777124
192389,-0.08874783
192439,-0.08874783
192489,-0.08874783
192539,-0.08874783
192588,-0.08944975
192638,-0.08944975
192688,-0.08926664
192738,-0.089236125
192788,-0.089236125
192838,-0.089236125
192888,-0.089236125
192938,-0.089236125
192988,-0.08899198
193038,-0.08899198
193088,-0.08899198
193138,-0.08899198
193189,-0.088808864
193238,-0.088808864
193288,-0.088808864
193338,-0.088808864
193388,-0.0885342
193438,-0.08825953
193488,-0.08825953
193538,-0.08825953
193588,-0.08825953
193638,-0.0880459
193689,-0.0880459
193739,-0.0880459
193788,-0.0880459
193838,-0.08825953
193888,-0.08825953
193938,-0.08825953
193988,-0.08825953
194038,-0.088351086
194088,-0.088351086
194138,-0.088351086
194189,-0.088351086
194239,-0.08890042
194288,-0.08890042
194338,-0.08890042
194388,-0.08890042
194438,-0.09063997
194489,-0.09063997
194538,-0.09063997
194588,-0.09063997
194638,-0.090365306
194688,-0.090365306
194737,-0.090365306
194788,-0.090365306
194838,-0.08987701
194888,-0.08987701
194938,-0.08987701
194988,-0.08987701
195038,-0.09012116
195088,-0.09012116
195138,-0.09012116
195189,-0.09012116
195237,-0.09012116
195289,-0.09012116
195338,-0.09012116
195389,-0.09012116
195438,-0.09012116
195488,-0.09030427
195536,-0.09030427
195588,-0.09030427
195638,-0.09030427
195688,-0.08963286
195739,-0.08963286
195789,-0.08963286
195839,-0.08963286
195889,-0.08850368
195938,-0.08850368
195988,-0.08850368
196037,-0.08850368
196087,-0.08789331
196138,-0.08789331
196188,-0.08789331
196237,-0.08789331
196287,-0.08703879
196337,-0.08703879
196387,-0.08703879
196437,-0.08703879
196487,-0.086489454
196537,-0.086489454
196586,-0.086489454
196637,-0.086489454
196688,-0.08621479
196738,-0.08621479
196788,-0.08621479
196838,-0.08621479
196889,-0.08621479
196938,-0.08621479
196989,-0.08621479
197039,-0.08621479
197087,-0.08618427
197139,-0.08618427
197186,-0.08618427
197238,-0.08618427
197289,-0.08630635
197338,-0.08630635
197386,-0.08630635
197439,-0.08630635
197488,-0.08642842
197539,-0.086031675
197589,-0.086031675
197636,-0.086031675
197689,-0.086031675
197738,-0.08554338
197789,-0.08554338
197838,-0.08554338
197888,-0.08554338
197939,-0.086031675
197989,-0.086031675
198037,-0.086031675
198089,-0.086031675
198139,-0.086031675
198186,-0.086031675
198239,-0.086031675
198289,-0.086031675
198339,-0.086123236
198389,-0.086123236
198439,-0.086123236
198488,-0.086123236
198538,-0.08630635
198588,-0.08630635
198638,-0.08630635
198688,-0.08630635
198738,-0.0863979
198788,-0.0863979
198838,-0.0863979
198888,-0.0863979
198938,-0.08615375
198988,-0.08615375
199038,-0.08615375
199088,-0.08615375
199138,-0.08621479
199188,-0.08621479
199238,-0.08621479
199288,-0.08621479
199336,-0.08642842
199388,-0.08642842
199438,-0.08642842
199488,-0.08642842
199538,-0.08627582
199588,-0.08627582
199638,-0.08627582
199688,-0.08627582
199738,-0.08627582
199788,-0.086336866
199838,-0.086336866
199888,-0.086336866
199938,-0.086336866
199988,-0.08642842
200038,-0.08642842
200088,-0.08642842
200138,-0.08642842
200188,-0.08651997
200238,-0.08651997
200288,-0.08651997
200339,-0.08651997
200388,-0.08645894
200438,-0.08645894
200488,-0.08645894
200538,-0.086581014
200588,-0.0865505
200638,-0.0865505
200688,-0.08661153
200738,-0.0865505
200788,-0.0865505
200838,-0.0865505
200888,-0.0865505
200938,-0.0865505
200988,-0.08664205
201038,-0.08664205
201088,-0.08664205
201138,-0.08664205
201188,-0.08667257
201238,-0.08667257
201288,-0.08667257
201338,-0.08667257
201388,-0.08667257
201438,-0.08667257
201489,-0.08667257
201538,-0.08667257
201588,-0.086794645
201638,-0.086794645
201688,-0.086794645
201738,-0.086794645
201788,-0.086794645
201838,-0.0867336
201888,-0.0867336
201938,-0.0867336
201988,-0.0867336
202038,-0.08685568
202088,-0.08685568
202138,-0.08685568
202188,-0.08685568
202238,-0.08682516
202288,-0.08682516
202338,-0.08682516
202389,-0.08682516
202438,-0.08694723
202488,-0.08694723
202538,-0.08694723
202588,-0.08694723
202638,-0.08697775
202688,-0.08697775
202738,-0.08697775
202788,-0.08697775
202838,-0.08703879
202888,-0.087130345
202938,-0.087130345
202988,-0.08709983
203038,-0.08719138
203088,-0.08719138
203138,-0.08719138
203188,-0.08719138
203238,-0.08716086
203288,-0.08716086
203336,-0.08716086
203389,-0.08716086
203439,-0.08728294
203489,-0.08728294
203539,-0.08728294
203589,-0.08728294
203638,-0.08731346
203689,-0.08731346
203739,-0.08731346
203789,-0.08731346
203839,-0.08743553
203888,-0.08743553
203938,-0.08743553
203988,-0.08743553
204038,-0.087496564
204088,-0.087496564
204138,-0.087496564
204188,-0.087496564
204238,-0.087496564
204288,-0.08761864
204338,-0.08761864
204389,-0.08761864
204439,-0.08761864
204488,-0.087710194
204539,-0.087710194
204588,-0.087710194
204639,-0.087710194
204689,-0.08783227
204739,-0.08783227
204788,-0.08783227
204838,-0.08783227
204888,-0.08795434
204939,-0.08795434
204989,-0.08795434
205038,-0.08795434
205089,-0.087923825
205138,-0.087923825
205189,-0.087923825
205239,-0.087923825
205289,-0.0880459
205339,-0.0880459
205389,-0.0880459
205438,-0.0880459
205488,-0.088015385
205539,-0.088015385
205589,-0.088015385
205639,-0.088015385
205689,-0.088137455
205739,-0.088137455
205788,-0.088137455
205839,-0.088137455
205888,-0.08810694
205939,-0.08810694
205989,-0.08810694
206038,-0.08810694
206089,-0.088137455
206139,-0.08822901
206188,-0.08822901
206239,-0.08822901
206288,-0.08822901
206336,-0.08819849
206389,-0.08819849
206438,-0.08819849
206488,-0.08819849
206538,-0.088351086
206588,-0.088351086
206639,-0.088351086
206689,-0.088351086
206739,-0.08841212
206788,-0.08841212
206839,-0.08841212
206889,-0.08841212
206939,-0.08841212
206988,-0.08841212
207038,-0.08841212
207088,-0.08841212
207138,-0.0885342
207189,-0.0885342
207238,-0.0885342
207289,-0.0885342
207339,-0.0885342
207388,-0.0885342
207439,-0.0885342
207489,-0.0885342
207538,-0.08868679
207588,-0.08868679
207638,-0.08868679
207688,-0.08868679
207738,-0.08865627
207788,-0.08865627
207838,-0.08865627
207888,-0.08865627
207938,-0.088808864
207988,-0.088808864
208038,-0.088808864
208089,-0.088808864
208138,-0.08874783
208188,-0.08874783
208238,-0.08874783
208288,-0.08874783
208338,-0.08883938
208388,-0.08890042
208438,-0.08890042
208488,-0.08890042
208538,-0.08890042
208588,-0.08896145
208638,-0.08896145
208688,-0.08896145
208738,-0.08896145
208788,-0.088930935
208838,-0.088930935
208888,-0.088930935
208938,-0.088930935
208988,-0.08911405
209038,-0.08911405
209088,-0.08911405
209138,-0.08911405
209189,-0.08905301
209238,-0.08911405
209288,-0.089144565
209336,-0.08929716
209390,-0.08929716
209439,-0.08929716
209488,-0.08929716
209538,-0.08929716
209588,-0.08929716
209638,-0.08929716
209688,-0.08929716
209738,-0.08929716
209788,-0.08938871
209838,-0.08938871
209888,-0.08938871
209938,-0.08938871
209988,-0.089358196
210038,-0.089358196
210088,-0.089358196
210138,-0.089358196
210189,-0.08941923
210238,-0.08941923
210288,-0.08941923
210339,-0.08941923
210388,-0.08948027
210438,-0.08948027
210489,-0.08948027
210538,-0.08948027
210588,-0.08948027
210638,-0.08941923
210688,-0.08941923
210738,-0.08941923
210789,-0.08941923
210838,-0.089571826
210888,-0.089571826
210938,-0.089571826
210988,-0.089571826
211038,-0.08954131
211088,-0.08954131
211138,-0.08954131
211188,-0.08954131
211238,-0.08963286
211288,-0.08963286
211338,-0.08963286
211388,-0.08963286
211439,-0.089602344
211489,-0.089602344
211539,-0.089602344
211588,-0.089602344
211638,-0.08975494
211688,-0.08975494
211738,-0.08975494
211788,-0.08975494
211838,-0.08966338
211888,-0.08966338
211938,-0.08966338
211989,-0.08966338
212039,-0.08975494
212089,-0.08975494
212139,-0.08975494
212189,-0.08975494
212239,-0.089815974
212289,-0.089815974
212339,-0.089815974
212388,-0.089815974
212438,-0.08987701
212489,-0.08987701
212538,-0.08987701
212587,-0.08987701
212638,-0.08987701
212688,-0.08987701
212737,-0.08987701
212788,-0.08987701
212838,-0.08987701
212888,-0.08987701
212938,-0.08987701
212988,-0.08987701
213038,-0.08987701
213088,-0.08996857
213138,-0.089938045
213188,-0.08996857
213238,-0.08996857
213288,-0.08996857
213338,-0.08996857
213389,-0.08996857
213438,-0.08996857
213489,-0.09009064
213539,-0.09009064
213589,-0.09009064
213638,-0.09009064
213688,-0.090029605
213737,-0.090029605
213788,-0.090029605
213838,-0.090029605
213888,-0.09006012
213939,-0.09006012
213988,-0.09006012
214038,-0.09006012
214088,-0.09021272
214138,-0.09021272
214188,-0.09021272
214238,-0.09021272
214288,-0.090243235
214338,-0.090243235
214389,-0.090243235
214438,-0.090243235
214489,-0.09033479
214540,-0.09033479
214588,-0.09033479
214638,-0.09033479
214687,-0.09021272
214738,-0.090243235
214788,-0.090243235
214839,-0.090243235
214888,-0.090243235
214939,-0.09039582
214989,-0.09039582
215039,-0.09039582
215089,-0.09039582
215138,-0.090365306
215188,-0.090365306
215238,-0.090365306
215288,-0.090365306
215336,-0.09048738
215388,-0.09048738
215438,-0.09048738
215488,-0.09048738
215538,-0.09048738
215588,-0.09048738
215638,-0.09048738
215688,-0.09048738
215738,-0.090578936
215788,-0.090578936
215838,-0.090578936
215888,-0.090578936
215938,-0.09054842
215989,-0.09054842
216038,-0.09054842
216088,-0.09054842
216138,-0.09073153
216188,-0.09073153
216238,-0.09073153
216289,-0.09073153
216338,-0.09076205
216389,-0.09076205
216439,-0.09076205
216489,-0.09076205
216539,-0.09076205
216588,-0.09076205
216638,-0.09076205
216688,-0.09076205
216738,-0.09079257
216788,-0.09091464
216838,-0.09091464
216887,-0.09091464
216938,-0.09091464
216988,-0.09091464
217037,-0.09091464
217089,-0.09091464
217139,-0.09091464
217188,-0.091036715
217239,-0.091036715
217289,-0.091036715
217338,-0.091036715
217389,-0.0910062
217439,-0.0910062
217488,-0.0910062
217538,-0.0910062
217589,-0.09112827
217639,-0.09112827
217689,-0.09112827
217738,-0.09112827
217789,-0.09109775
217839,-0.09109775
217889,-0.09109775
217938,-0.09109775
217988,-0.09128086
218038,-0.09128086
218088,-0.09128086
218138,-0.09128086
218188,-0.091372415
218238,-0.0913419
218288,-0.0913419
218339,-0.09140293
218389,-0.091372415
218439,-0.091372415
218489,-0.091372415
218539,-0.091372415
218588,-0.091463976
218639,-0.091463976
218688,-0.091463976
218738,-0.091463976
218787,-0.091463976
218838,-0.091463976
218887,-0.091463976
218938,-0.091463976
218988,-0.091586046
219038,-0.09161656
219088,-0.09161656
219138,-0.09161656
219188,-0.09161656
219238,-0.09161656
219288,-0.09161656
219338,-0.09161656
219389,-0.09161656
219438,-0.09173864
219488,-0.09173864
219539,-0.09173864
219589,-0.09173864
219639,-0.09176916
219689,-0.09176916
219739,-0.09176916
219789,-0.09176916
219838,-0.091921754
219888,-0.091921754
219938,-0.091921754
219988,-0.091921754
220038,-0.09201331
220086,-0.09201331
220138,-0.09201331
220189,-0.09201331
220238,-0.09201331
220288,-0.09201331
220338,-0.09201331
220388,-0.09201331
220437,-0.09213538
220488,-0.09213538
220539,-0.09213538
220588,-0.09213538
220639,-0.09219642
220688,-0.09219642
220738,-0.09219642
220788,-0.09219642
220838,-0.09231849
220888,-0.09231849
220939,-0.09231849
220989,-0.09231849
221038,-0.09231849
221089,-0.09234901
221139,-0.09234901
221188,-0.09234901
221239,-0.09234901
221289,-0.09241005
221338,-0.09241005
221389,-0.09241005
221438,-0.09241005
221488,-0.09244057
221539,-0.09244057
221588,-0.09244057
221638,-0.09244057
221688,-0.092593156
221738,-0.092593156
221788,-0.092593156
221838,-0.092593156
221888,-0.092684716
221939,-0.092684716
221989,-0.092684716
222038,-0.092684716
222089,-0.09271523
222138,-0.09271523
222188,-0.09271523
222239,-0.09271523
222289,-0.09280679
222338,-0.09280679
222388,-0.09280679
222438,-0.09280679
222488,-0.09277627
222538,-0.09277627
222588,-0.09277627
222638,-0.09277627
222688,-0.09295938
222738,-0.09295938
222788,-0.09295938
222838,-0.09295938
222888,-0.092928864
222938,-0.092928864
222988,-0.092928864
223038,-0.092928864
223089,-0.093050934
223138,-0.093050934
223188,-0.093050934
223238,-0.093050934
223288,-0.093050934
223338,-0.093142495
223388,-0.09308145
223438,-0.09323405
223488,-0.09323405
223538,-0.09323405
223588,-0.09323405
223638,-0.09323405
223688,-0.09323405
223738,-0.093264565
223788,-0.093264565
223839,-0.093264565
223889,-0.093264565
223938,-0.0933256
223988,-0.0933256
224038,-0.0933256
224088,-0.0933256
224138,-0.09338664
224188,-0.09338664
224238,-0.09338664
224288,-0.09338664
224338,-0.09338664
224389,-0.09338664
224438,-0.09338664
224488,-0.09338664
224538,-0.09350871
224588,-0.09350871
224638,-0.09350871
224688,-0.09350871
224738,-0.09350871
224788,-0.09350871
224838,-0.09350871
224888,-0.09350871
224938,-0.09363079
224988,-0.09363079
225038,-0.09363079
225088,-0.09363079
225138,-0.093600266
225188,-0.093600266
225238,-0.093600266
225288,-0.093600266
225338,-0.093691826
225388,-0.09375286
225438,-0.09375286
225488,-0.09375286
225538,-0.09375286
225588,-0.093691826
225638,-0.093691826
225689,-0.093691826
225738,-0.093691826
225788,-0.093844414
225838,-0.093844414
225889,-0.093844414
225938,-0.093844414
225988,-0.09390546
226038,-0.09390546
226088,-0.09390546
226138,-0.09390546
226188,-0.09387494
226238,-0.09387494
226288,-0.09387494
226338,-0.09387494
226387,-0.09399701
226438,-0.09399701
226488,-0.09399701
226538,-0.09399701
226588,-0.093935974
226638,-0.093935974
226688,-0.093935974
226738,-0.093935974
226788,-0.09408856
226838,-0.09408856
226888,-0.09408856
226938,-0.09408856
226988,-0.094058044
227038,-0.094058044
227088,-0.094058044
227138,-0.094058044
227188,-0.094149604
227238,-0.094149604
227288,-0.094149604
227336,-0.094149604
227389,-0.09408856
227438,-0.09408856
227488,-0.09408856
227538,-0.09408856
227588,-0.09408856
227638,-0.09418012
227691,-0.09418012
227738,-0.09418012
227788,-0.09418012
227837,-0.09424116
227888,-0.09424116
227937,-0.09424116
227988,-0.09424116
228038,-0.09418012
228088,-0.09418012
228138,-0.09418012
228188,-0.09418012
228238,-0.09433271
228288,-0.09433271
228339,-0.09433271
228388,-0.09433271
228439,-0.09424116
228488,-0.09424116
228538,-0.09424116
228589,-0.09424116
228638,-0.094363235
228688,-0.094363235
228738,-0.094363235
228788,-0.094363235
228838,-0.09430219
228888,-0.09430219
228938,-0.09430219
228988,-0.09430219
229038,-0.09439375
229088,-0.09439375
229138,-0.09439375
229189,-0.09439375
229238,-0.09430219
229289,-0.09430219
229339,-0.09430219
229389,-0.09430219
229438,-0.09442427
229488,-0.09442427
229538,-0.09442427
229588,-0.09442427
229638,-0.09439375
229688,-0.09445479
229739,-0.09445479
229788,-0.09445479
229838,-0.09445479
229888,-0.09451582
229938,-0.09451582
229988,-0.09451582
230037,-0.09451582
230086,-0.09454634
230137,-0.09454634
230189,-0.09454634
230239,-0.09454634
230288,-0.09445479
230339,-0.09445479
230388,-0.09445479
230439,-0.09445479
230489,-0.09454634
230539,-0.09454634
230588,-0.09454634
230639,-0.09454634
230688,-0.09454634
230738,-0.09454634
230789,-0.09454634
230839,-0.09454634
230888,-0.0946379
230938,-0.0946379
230988,-0.0946379
231039,-0.0946379
231088,-0.09457686
231138,-0.09457686
231189,-0.09457686
231238,-0.09457686
231288,-0.09466842
231339,-0.09466842
231389,-0.09466842
231438,-0.09466842
231489,-0.0946379
231539,-0.0946379
231589,-0.0946379
231637,-0.0946379
231690,-0.0946379
231739,-0.09475997
231789,-0.09475997
231838,-0.09475997
231889,-0.09475997
231938,-0.09475997
231989,-0.09475997
232039,-0.09475997
232089,-0.09475997
232138,-0.09472945
232189,-0.09472945
232239,-0.09472945
232288,-0.09472945
232339,-0.094821006
232386,-0.094821006
232437,-0.094821006
232487,-0.094821006
232538,-0.09472945
232587,-0.09472945
232637,-0.09472945
232687,-0.09472945
232737,-0.09485153
232787,-0.09485153
232837,-0.09485153
232887,-0.09485153
232937,-0.09479049
233008,-0.09479049
233045,-0.09479049
233093,-0.09479049
233139,-0.094912566
233195,-0.094912566
233250,-0.094912566
233287,-0.094912566
233339,-0.09488205
233389,-0.09488205
233447,-0.09488205
233488,-0.09488205
233536,-0.0949736
233588,-0.094912566
233637,-0.094912566
233687,-0.09488205
233737,-0.09488205
233787,-0.09488205
233837,-0.09488205
233887,-0.09488205
233936,-0.09488205
233986,-0.094943084
234037,-0.094943084
234087,-0.094943084
234137,-0.094943084
234187,-0.095065154
234237,-0.095065154
234287,-0.095065154
234336,-0.095065154
234386,-0.0949736
234437,-0.0949736
234486,-0.0949736
234537,-0.0949736
234587,-0.095065154
234637,-0.095065154
234687,-0.095065154
234737,-0.095065154
234787,-0.09500412
234837,-0.09500412
234887,-0.09500412
234937,-0.09500412
234987,-0.0951262
235036,-0.0951262
235087,-0.0951262
235137,-0.0951262
235187,-0.095065154
235237,-0.095065154
235287,-0.095065154
235337,-0.095065154
235387,-0.0951262
235436,-0.0951262
235486,-0.0951262
235537,-0.0951262
235587,-0.09521775
235637,-0.09521775
235687,-0.09521775
235737,-0.09521775
235787,-0.095156714
235837,-0.095156714
235887,-0.095156714
235937,-0.095156714
235987,-0.09521775
236037,-0.09521775
236087,-0.09521775
236137,-0.09521775
236187,-0.09521775
236237,-0.095156714
236287,-0.095156714
236337,-0.095156714
236386,-0.095156714
236437,-0.095278785
236486,-0.095278785
236537,-0.095278785
236587,-0.095278785
236637,-0.09524827
236687,-0.09524827
236737,-0.09524827
236787,-0.09524827
236837,-0.0953093
236887,-0.0953093
236937,-0.0953093
236987,-0.095278785
237037,-0.095278785
237086,-0.095278785
237137,-0.09524827
237187,-0.09524827
237237,-0.095370345
237287,-0.095370345
237337,-0.095370345
237386,-0.095370345
237437,-0.095278785
237487,-0.095278785
237537,-0.095278785
237587,-0.095278785
237637,-0.09543138
237687,-0.09543138
237737,-0.09543138
237787,-0.09543138
237837,-0.09533983
237887,-0.09533983
237936,-0.09533983
237986,-0.09533983
238037,-0.09543138
238087,-0.09543138
238137,-0.09543138
238187,-0.09543138
238237,-0.09543138
238287,-0.09533983
238337,-0.09533983
238386,-0.09533983
238437,-0.09533983
238487,-0.0954619
238537,-0.0954619
238587,-0.0954619
238637,-0.0954619
238687,-0.095492415
238737,-0.095492415
238787,-0.095492415
238837,-0.095492415
238887,-0.09543138
238936,-0.09543138
238987,-0.09543138
239037,-0.09543138
239087,-0.09555345
239137,-0.09555345
239187,-0.09555345
239237,-0.09555345
239286,-0.0954619
239337,-0.09555345
239397,-0.095492415
239439,-0.095492415
239487,-0.09555345
239537,-0.09555345
239587,-0.09555345
239637,-0.09555345
239687,-0.09552293
239737,-0.09552293
239787,-0.09552293
239837,-0.09552293
239887,-0.09561449
239937,-0.09561449
239986,-0.09561449
240036,-0.09561449
240087,-0.09552293
240137,-0.09552293
240187,-0.09552293
240245,-0.09552293
240292,-0.09564501
240339,-0.09564501
240387,-0.09564501
240437,-0.09564501
240487,-0.09564501
240537,-0.09567553
240587,-0.09567553
240637,-0.09567553
240687,-0.09567553
240737,-0.09561449
240787,-0.09561449
240837,-0.09561449
240886,-0.09561449
240937,-0.095706046
240987,-0.095706046
241037,-0.095706046
241086,-0.095706046
241136,-0.09564501
241186,-0.09564501
241237,-0.09564501
241287,-0.09564501
241337,-0.09573656
241387,-0.09573656
241437,-0.09573656
241487,-0.09573656
241536,-0.09567553
241587,-0.0957976
241637,-0.095706046
241687,-0.0957976
241737,-0.0957976
241787,-0.0957976
241837,-0.0957976
241887,-0.0957976
241937,-0.09573656
241986,-0.09573656
242037,-0.09573656
242087,-0.09573656
242137,-0.09582812
242186,-0.09576708
242236,-0.09585864
242287,-0.09576708
242337,-0.09585864
242387,-0.09585864
242442,-0.09585864
242489,-0.09585864
242538,-0.09585864
242586,-0.0957976
242636,-0.0957976
242686,-0.0957976
242737,-0.0957976
242787,-0.09588916
242837,-0.09588916
242887,-0.09588916
242937,-0.09588916
242986,-0.09582812
243036,-0.09582812
243087,-0.09582812
243136,-0.09582812
243187,-0.09595019
243237,-0.09595019
243287,-0.09595019
243337,-0.09595019
243386,-0.09588916
243436,-0.09588916
243487,-0.09588916
243537,-0.09588916
243586,-0.09598071
243637,-0.09598071
243687,-0.09598071
243737,-0.09598071
243787,-0.09604175
243836,-0.09604175
243887,-0.09598071
243937,-0.09601123
243987,-0.09601123
244037,-0.09601123
244086,-0.09601123
244137,-0.09601123
244187,-0.09607227
244237,-0.09607227
244287,-0.09607227
244337,-0.09607227
244387,-0.09607227
244436,-0.09607227
244486,-0.09607227
244537,-0.09607227
244587,-0.09601123
244637,-0.09613331
244687,-0.09613331
244737,-0.09613331
244787,-0.09613331
244837,-0.09604175
244887,-0.09604175
244936,-0.09604175
244987,-0.09604175
245036,-0.096163824
245087,-0.096163824
245136,-0.096163824
245187,-0.096163824
245237,-0.09610279
245286,-0.09610279
245337,-0.09610279
245387,-0.09610279
245438,-0.09619434
245486,-0.09619434
245537,-0.09619434
245586,-0.09619434
245636,-0.09613331
245687,-0.09613331
245736,-0.09613331
245787,-0.09613331
245836,-0.09622486